stimulus,seconddur,milliseconddur,syllables,speech_rate,pitAve_Hz,pitAve_semi,pitSD_Hz,pitSD_semi,pitMax_Hz,pitMin_Hz,pitMax_semi,pitMin_semi,creak,n_creaky_seg,creak_seconddur_total,prop_creak,NC_pitAve_Hz,NC_pitAve_semi,NC_pitSD_Hz,NC_pitSD_semi,NC_pitMax_Hz,NC_pitMin_Hz,NC_pitMax_semi,NC_pitMin_semi,s_seconddur,s_milliseconddur,f2_raw,f2_norm,vowel,vowel_class,cog,sdev,skew,kurt
audio/723_SN9_mid.wav,1.909458333,1909.458333,8,4.189669845,100.9210935,-0.060949102,16.9801312,2.706296443,143.4505257,77.72838943,6.246639067,-4.36183766,Yes,1,0.08,0.041896698,101.6398985,0.077310262,16.50487015,2.608625958,143.34729,82.96642746,6.23417557,-3.23280516,0.100354167,100.3541667,1785.72227,0.529986621,æ,front,6924.070828,1391.062935,1.081267583,2.596122282
audio/723_SN9_low.wav,1.909458333,1909.458333,8,4.189669845,100.6180657,-0.108756975,16.796215,2.677861142,143.4505257,77.72838943,6.246639067,-4.36183766,Yes,1,0.08,0.041896698,101.6387254,0.07715472,16.50279225,2.608352384,143.34729,82.96642746,6.23417557,-3.23280516,0.100354167,100.3541667,1785.72227,0.529986621,æ,front,5660.636562,2168.474511,0.718187768,0.45342654
audio/723_SN9_high.wav,1.909458333,1909.458333,8,4.189669845,100.6181076,-0.10875145,16.79629255,2.677871215,143.4505257,77.72838943,6.246639067,-4.36183766,Yes,1,0.08,0.041896698,101.6380011,0.077058619,16.50151373,2.608183837,143.34729,82.96642746,6.23417557,-3.23280516,0.100354167,100.3541667,1785.72227,0.529986621,æ,front,8211.214301,2536.674008,-0.721734424,0.487498407
audio/723_SN8_mid.wav,1.551625,1551.625,8,5.155884959,95.65410533,-0.911289198,12.609874,2.210166145,129.4114692,74.32508043,4.463585801,-5.136947706,No,0,0,0,95.65410533,-0.911289198,12.609874,2.210166145,129.4114692,74.32508043,4.463585801,-5.136947706,0.1271875,127.1875,2117.448616,1.539076635,i,front,6924.070828,1391.062935,1.081267583,2.596122282
audio/723_SN8_low.wav,1.551625,1551.625,8,5.155884959,95.3377129,-0.964446255,12.39334866,2.176571474,129.4114692,74.32508043,4.463585801,-5.136947706,No,0,0,0,95.3377129,-0.964446255,12.39334866,2.176571474,129.4114692,74.32508043,4.463585801,-5.136947706,0.1271875,127.1875,2117.448616,1.539076635,i,front,5660.636562,2168.474511,0.718187768,0.45342654
audio/723_SN8_high.wav,1.551625,1551.625,8,5.155884959,95.33627749,-0.964705005,12.39326611,2.176539531,129.4114692,74.32508043,4.463585801,-5.136947706,No,0,0,0,95.33627749,-0.964705005,12.39326611,2.176539531,129.4114692,74.32508043,4.463585801,-5.136947706,0.1271875,127.1875,2117.448616,1.539076635,i,front,8211.214301,2536.674008,-0.721734424,0.487498407
audio/723_SN7_mid.wav,2.195395833,2195.395833,12,5.465984684,110.4906759,1.520842028,17.6044764,2.660000164,154.3492835,81.17035012,7.51438543,-3.611703101,No,0,0,0,110.4906759,1.520842028,17.6044764,2.660000164,154.3492835,81.17035012,7.51438543,-3.611703101,0.134395833,134.3958333,2257.92083,1.96638399,i,front,6924.070828,1391.062935,1.081267583,2.596122282
audio/723_SN7_low.wav,2.195395833,2195.395833,12,5.465984684,110.3172348,1.494011648,17.55714179,2.656685622,154.3492835,81.17035012,7.51438543,-3.611703101,No,0,0,0,110.3172348,1.494011648,17.55714179,2.656685622,154.3492835,81.17035012,7.51438543,-3.611703101,0.134395833,134.3958333,2257.92083,1.96638399,i,front,5660.636562,2168.474511,0.718187768,0.45342654
audio/723_SN7_high.wav,2.195395833,2195.395833,12,5.465984684,110.316888,1.493942312,17.55763044,2.656789209,154.3492835,81.17035012,7.51438543,-3.611703101,No,0,0,0,110.316888,1.493942312,17.55763044,2.656789209,154.3492835,81.17035012,7.51438543,-3.611703101,0.134395833,134.3958333,2257.92083,1.96638399,i,front,8211.214301,2536.674008,-0.721734424,0.487498407
audio/723_SN5_mid.wav,2.4203125,2420.3125,9,3.718528083,98.14685484,-0.476376218,13.57989602,2.267174327,137.6017931,79.97488812,5.525991247,-3.868572309,Yes,2,0.06,0.024790187,98.39965908,-0.429954775,13.53023139,2.253298609,137.6017931,79.97488812,5.525991247,-3.868572309,0.071104167,71.10416667,1561.969863,-0.150653677,æ,front,6924.070828,1391.062935,1.081267583,2.596122282
audio/723_SN5_low.wav,2.4203125,2420.3125,9,3.718528083,98.14490146,-0.476776523,13.58187701,2.267609061,137.6017931,79.97488812,5.525991247,-3.868572309,Yes,2,0.06,0.024790187,98.39767493,-0.430361384,13.53228856,2.253751403,137.6017931,79.97488812,5.525991247,-3.868572309,0.071104167,71.10416667,1561.969863,-0.150653677,æ,front,5660.636562,2168.474511,0.718187768,0.45342654
audio/723_SN5_high.wav,2.4203125,2420.3125,9,3.718528083,98.25264272,-0.457488294,13.57978399,2.265869635,137.6017931,79.97488812,5.525991247,-3.868572309,Yes,2,0.06,0.024790187,98.50913252,-0.410398619,13.527653,2.251446391,137.6017931,79.97488812,5.525991247,-3.868572309,0.071104167,71.10416667,1561.969863,-0.150653677,æ,front,8211.214301,2536.674008,-0.721734424,0.487498407
audio/723_SN4_mid.wav,1.2728125,1272.8125,7,5.499631721,109.8664331,1.479362186,14.09501127,2.340028818,128.9458085,70.2794394,4.40117853,-6.105904938,No,0,0,0,109.8664331,1.479362186,14.09501127,2.340028818,128.9458085,70.2794394,4.40117853,-6.105904938,0.128541667,128.5416667,1634.243504,0.069198048,u,back,6924.070828,1391.062935,1.081267583,2.596122282
audio/723_SN4_low.wav,1.2728125,1272.8125,7,5.499631721,109.5345086,1.428272648,14.00135538,2.329713207,129.4547357,70.2794394,4.46937291,-6.105904938,No,0,0,0,109.5345086,1.428272648,14.00135538,2.329713207,129.4547357,70.2794394,4.46937291,-6.105904938,0.128541667,128.5416667,1634.243504,0.069198048,u,back,5660.636562,2168.474511,0.718187768,0.45342654
audio/723_SN4_high.wav,1.2728125,1272.8125,7,5.499631721,109.509847,1.424830065,13.9742031,2.326318175,128.768374,70.2794394,4.37733967,-6.105904938,No,0,0,0,109.509847,1.424830065,13.9742031,2.326318175,128.768374,70.2794394,4.37733967,-6.105904938,0.128541667,128.5416667,1634.243504,0.069198048,u,back,8211.214301,2536.674008,-0.721734424,0.487498407
audio/723_SN3_mid.wav,1.2965625,1296.5625,7,5.398891299,98.58131797,-0.299976927,7.747432719,1.361327223,111.0878517,85.42420354,1.820412675,-2.727398439,Yes,1,0.125193,0.096557628,98.73004956,-0.273474181,7.717950337,1.35711701,111.0007597,85.42071438,1.806834608,-2.728105579,0.098833333,98.83333333,1873.114363,0.795827696,eɪ,front,6924.070828,1391.062935,1.081267583,2.596122282
audio/723_SN3_low.wav,1.2965625,1296.5625,7,5.398891299,98.58099361,-0.300031934,7.747279566,1.361300504,111.0878517,85.42420354,1.820412675,-2.727398439,Yes,1,0.125193,0.096557628,98.72928921,-0.273605313,7.717783354,1.357083751,111.0007597,85.42071438,1.806834608,-2.728105579,0.098833333,98.83333333,1873.114363,0.795827696,eɪ,front,5660.636562,2168.474511,0.718187768,0.45342654
audio/723_SN3_high.wav,1.2965625,1296.5625,7,5.398891299,98.58188633,-0.29987865,7.747546217,1.361350901,111.0878517,85.42420354,1.820412675,-2.727398439,Yes,1,0.125193,0.096557628,98.72941085,-0.273584331,7.717809793,1.357089026,111.0007597,85.42071438,1.806834608,-2.728105579,0.098833333,98.83333333,1873.114363,0.795827696,eɪ,front,8211.214301,2536.674008,-0.721734424,0.487498407
audio/723_SN21_mid.wav,1.297833333,1297.833333,8,6.164119687,100.0302629,-0.0382994,7.207081623,1.232206437,121.4135634,84.79096923,3.359155177,-2.856209736,No,0,0,0,100.0302629,-0.0382994,7.207081623,1.232206437,121.4135634,84.79096923,3.359155177,-2.856209736,0.088833333,88.83333333,2095.321159,1.471766345,i,front,6924.070828,1391.062935,1.081267583,2.596122282
audio/723_SN21_low.wav,1.297833333,1297.833333,8,6.164119687,99.88419243,-0.063164824,7.166994484,1.225736887,121.4135634,84.79096923,3.359155177,-2.856209736,No,0,0,0,99.88419243,-0.063164824,7.166994484,1.225736887,121.4135634,84.79096923,3.359155177,-2.856209736,0.088833333,88.83333333,2095.321159,1.471766345,i,front,5660.636562,2168.474511,0.718187768,0.45342654
audio/723_SN21_high.wav,1.297833333,1297.833333,8,6.164119687,99.89272485,-0.06154671,7.156665536,1.223698101,121.4135634,84.79096923,3.359155177,-2.856209736,No,0,0,0,99.89272485,-0.06154671,7.156665536,1.223698101,121.4135634,84.79096923,3.359155177,-2.856209736,0.088833333,88.83333333,2095.321159,1.471766345,i,front,8211.214301,2536.674008,-0.721734424,0.487498407
audio/723_SN20_mid.wav,1.420479167,1420.479167,9,6.335890178,107.6472634,1.054210857,17.34014331,2.79286209,143.2433132,82.17364922,6.221613522,-3.399027102,Yes,3,0.14,0.098558292,108.2610625,1.144245598,17.68190167,2.853752566,143.3135176,82.20999346,6.230096319,-3.391371794,0.099604167,99.60416667,1531.078545,-0.244623059,ɛ,front,6924.070828,1391.062935,1.081267583,2.596122282
audio/723_SN20_low.wav,1.420479167,1420.479167,9,6.335890178,107.4217774,1.016631781,17.38459146,2.798937832,143.2436034,82.17364922,6.221648597,-3.399027102,Yes,3,0.14,0.098558292,108.2664284,1.145009172,17.68600048,2.854366303,143.3022961,82.20999346,6.22874071,-3.391371794,0.099604167,99.60416667,1531.078545,-0.244623059,ɛ,front,5660.636562,2168.474511,0.718187768,0.45342654
audio/723_SN20_high.wav,1.420479167,1420.479167,9,6.335890178,107.4221246,1.016675839,17.38519166,2.799007002,143.257946,82.17364922,6.223381948,-3.399027102,Yes,3,0.14,0.098558292,108.0307954,1.105749686,17.73912014,2.861864962,143.3368893,82.20999346,6.232919408,-3.391371794,0.099604167,99.60416667,1531.078545,-0.244623059,ɛ,front,8211.214301,2536.674008,-0.721734424,0.487498407
audio/723_SN2_mid.wav,1.2608125,1260.8125,7,5.551975413,106.9720109,0.718538609,24.96526336,3.966064434,168.9319006,59.52986557,9.077301458,-8.979773501,No,0,0,0,106.9720109,0.718538609,24.96526336,3.966064434,168.9319006,59.52986557,9.077301458,-8.979773501,0.074645833,74.64583333,1539.124346,-0.220148257,aʊ,back,6924.070828,1391.062935,1.081267583,2.596122282
audio/723_SN2_low.wav,1.2608125,1260.8125,7,5.551975413,107.0916942,0.730990172,25.161887,3.998882678,168.9319006,59.52986557,9.077301458,-8.979773501,No,0,0,0,107.0916942,0.730990172,25.161887,3.998882678,168.9319006,59.52986557,9.077301458,-8.979773501,0.074645833,74.64583333,1539.124346,-0.220148257,aʊ,back,5660.636562,2168.474511,0.718187768,0.45342654
audio/723_SN2_high.wav,1.2608125,1260.8125,7,5.551975413,106.828706,0.683395134,25.29973985,4.016918685,168.9319006,59.52986557,9.077301458,-8.979773501,No,0,0,0,106.828706,0.683395134,25.29973985,4.016918685,168.9319006,59.52986557,9.077301458,-8.979773501,0.074645833,74.64583333,1539.124346,-0.220148257,aʊ,back,8211.214301,2536.674008,-0.721734424,0.487498407
audio/723_SN19_mid.wav,1.573958333,1573.958333,7,4.447385837,100.2699688,-0.116527256,13.30133418,2.450504544,119.657165,54.29565093,3.10688144,-10.57309742,Yes,1,0.04,0.025413633,99.4773335,-0.294206142,14.37949673,2.776152668,119.8137191,50.67826039,3.12951733,-11.76673311,0.0671875,67.1875,1832.656938,0.672758838,eɪ,front,6924.070828,1391.062935,1.081267583,2.596122282
audio/723_SN19_low.wav,1.573958333,1573.958333,7,4.447385837,100.2699639,-0.116528129,13.30133526,2.450504668,119.657165,54.29565093,3.10688144,-10.57309742,Yes,1,0.04,0.025413633,99.47733331,-0.294206177,14.37949676,2.77615267,119.8137191,50.67826039,3.12951733,-11.76673311,0.0671875,67.1875,1832.656938,0.672758838,eɪ,front,5660.636562,2168.474511,0.718187768,0.45342654
audio/723_SN19_high.wav,1.573958333,1573.958333,7,4.447385837,100.2699332,-0.116533585,13.30134204,2.450505445,119.657165,54.29565093,3.10688144,-10.57309742,Yes,1,0.04,0.025413633,99.47733133,-0.294206529,14.37949705,2.776152692,119.8137191,50.67826039,3.12951733,-11.76673311,0.0671875,67.1875,1832.656938,0.672758838,eɪ,front,8211.214301,2536.674008,-0.721734424,0.487498407
audio/723_SN18_mid.wav,1.829145833,1829.145833,7,3.826922858,100.3619226,-0.153705858,15.59644364,2.789456412,124.3253881,69.18505569,3.769451223,-6.37761183,Yes,4,0.19,0.10387362,103.4742215,0.408400865,14.50429035,2.599096786,124.3051354,55.2889436,3.766630797,-10.25924506,0.154666667,154.6666667,1620.70063,0.028001504,ɛ,front,6924.070828,1391.062935,1.081267583,2.596122282
audio/723_SN18_low.wav,1.829145833,1829.145833,7,3.826922858,100.3619779,-0.153727397,15.59727353,2.789686366,124.3253881,69.18505569,3.769451223,-6.37761183,Yes,4,0.19,0.10387362,103.4742819,0.408411149,14.50428256,2.599096268,124.3051354,55.2889436,3.766630797,-10.25924506,0.154666667,154.6666667,1620.70063,0.028001504,ɛ,front,5660.636562,2168.474511,0.718187768,0.45342654
audio/723_SN18_high.wav,1.829145833,1829.145833,7,3.826922858,100.363374,-0.153381741,15.59452878,2.788926618,124.3253881,69.18505569,3.769451223,-6.37761183,Yes,4,0.19,0.10387362,103.4742382,0.40840371,14.5042882,2.599096642,124.3051354,55.2889436,3.766630797,-10.25924506,0.154666667,154.6666667,1620.70063,0.028001504,ɛ,front,8211.214301,2536.674008,-0.721734424,0.487498407
audio/723_SN17_mid.wav,1.711708333,1711.708333,9,5.257905114,114.2107227,2.122402904,16.64020614,2.497163993,151.6748085,84.87267996,7.211777884,-2.839534342,Yes,2,0.08,0.046736934,115.1364872,2.27136085,16.41914266,2.427711226,153.5141256,84.68485408,7.420456936,-2.877889546,0.148520833,148.5208333,1855.153182,0.741190951,u,back,6924.070828,1391.062935,1.081267583,2.596122282
audio/723_SN17_low.wav,1.711708333,1711.708333,9,5.257905114,114.2127327,2.122785745,16.63741373,2.49656837,151.6748085,84.87267996,7.211777884,-2.839534342,Yes,2,0.08,0.046736934,115.1348237,2.27102411,16.4222099,2.428411473,153.5141256,84.68485408,7.420456936,-2.877889546,0.148520833,148.5208333,1855.153182,0.741190951,u,back,5660.636562,2168.474511,0.718187768,0.45342654
audio/723_SN17_high.wav,1.711708333,1711.708333,9,5.257905114,114.2094219,2.122152507,16.64210059,2.497570868,151.6748085,84.87267996,7.211777884,-2.839534342,Yes,2,0.08,0.046736934,115.1347803,2.271010947,16.42243457,2.428466994,153.5141256,84.68485408,7.420456936,-2.877889546,0.148520833,148.5208333,1855.153182,0.741190951,u,back,8211.214301,2536.674008,-0.721734424,0.487498407
audio/723_SN16_mid.wav,1.200354167,1200.354167,8,6.664699655,99.19101851,-0.335370326,14.96629694,2.623880716,126.9124781,71.63924283,4.126007076,-5.774136069,Yes,1,0.05,0.041654373,99.79664092,-0.224978194,14.840834,2.593339602,126.867928,71.71755272,4.119928854,-5.755222034,0.101104167,101.1041667,1251.21227,-1.095958104,ʌ,back,6924.070828,1391.062935,1.081267583,2.596122282
audio/723_SN16_low.wav,1.200354167,1200.354167,8,6.664699655,98.98974273,-0.371211235,14.98955757,2.626561261,126.9124781,71.63924283,4.126007076,-5.774136069,Yes,1,0.05,0.041654373,99.59132733,-0.261808823,14.88201618,2.599715602,126.867928,71.71755272,4.119928854,-5.755222034,0.101104167,101.1041667,1251.21227,-1.095958104,ʌ,back,5660.636562,2168.474511,0.718187768,0.45342654
audio/723_SN16_high.wav,1.200354167,1200.354167,8,6.664699655,99.33501317,-0.306717227,14.86942703,2.59956173,126.9124781,71.63924283,4.126007076,-5.774136069,Yes,1,0.05,0.041654373,99.58981549,-0.262148028,14.88437408,2.600271758,126.867928,71.71755272,4.119928854,-5.755222034,0.101104167,101.1041667,1251.21227,-1.095958104,ʌ,back,8211.214301,2536.674008,-0.721734424,0.487498407
audio/723_SN15_mid.wav,1.094916667,1094.916667,7,6.393180607,136.2421506,5.250853444,13.84817105,1.993371498,152.0958703,82.99270425,7.259771783,-3.227322934,No,0,0,0,136.2421506,5.250853444,13.84817105,1.993371498,152.0958703,82.99270425,7.259771783,-3.227322934,0.105145833,105.1458333,1191.40419,-1.277890399,oʊ,back,6924.070828,1391.062935,1.081267583,2.596122282
audio/723_SN15_low.wav,1.094916667,1094.916667,7,6.393180607,136.2494011,5.251796954,13.84631334,1.993229853,152.0958703,82.99270425,7.259771783,-3.227322934,No,0,0,0,136.2494011,5.251796954,13.84631334,1.993229853,152.0958703,82.99270425,7.259771783,-3.227322934,0.105145833,105.1458333,1191.40419,-1.277890399,oʊ,back,5660.636562,2168.474511,0.718187768,0.45342654
audio/723_SN15_high.wav,1.094916667,1094.916667,7,6.393180607,136.2472161,5.251491297,13.8487145,1.993452195,152.0958703,82.99270425,7.259771783,-3.227322934,No,0,0,0,136.2472161,5.251491297,13.8487145,1.993452195,152.0958703,82.99270425,7.259771783,-3.227322934,0.105145833,105.1458333,1191.40419,-1.277890399,oʊ,back,8211.214301,2536.674008,-0.721734424,0.487498407
audio/723_SN14_mid.wav,1.246895833,1246.895833,8,6.4159329,123.3672712,3.043063041,34.43583221,4.440587397,200.5588021,89.40934038,12.04830341,-1.938030488,No,0,0,0,123.3672712,3.043063041,34.43583221,4.440587397,200.5588021,89.40934038,12.04830341,-1.938030488,0.091791667,91.79166667,2171.073213,1.702199177,i,front,6924.070828,1391.062935,1.081267583,2.596122282
audio/723_SN14_low.wav,1.246895833,1246.895833,8,6.4159329,123.3672464,3.043059016,34.43584452,4.440589182,200.5588021,89.40934038,12.04830341,-1.938030488,No,0,0,0,123.3672464,3.043059016,34.43584452,4.440589182,200.5588021,89.40934038,12.04830341,-1.938030488,0.091791667,91.79166667,2171.073213,1.702199177,i,front,5660.636562,2168.474511,0.718187768,0.45342654
audio/723_SN14_high.wav,1.246895833,1246.895833,8,6.4159329,123.3682497,3.043227304,34.43524745,4.440493113,200.5588021,89.40934038,12.04830341,-1.938030488,No,0,0,0,123.3682497,3.043227304,34.43524745,4.440493113,200.5588021,89.40934038,12.04830341,-1.938030488,0.091791667,91.79166667,2171.073213,1.702199177,i,front,8211.214301,2536.674008,-0.721734424,0.487498407
audio/723_SN13_mid.wav,0.966916667,966.9166667,6,6.205291735,145.7009286,6.004786423,37.12833643,4.207777072,215.0339569,96.85418994,13.254774,-0.5533636,Yes,1,0.04,0.041368612,146.1745397,6.077567412,36.62914719,4.143277847,215.0172943,96.98107268,13.25343244,-0.530698606,0.10575,105.75,2171.279664,1.702827188,i,front,6924.070828,1391.062935,1.081267583,2.596122282
audio/723_SN13_low.wav,0.966916667,966.9166667,6,6.205291735,145.7875696,6.012335056,37.26198905,4.218358543,215.0339569,96.85418994,13.254774,-0.5533636,Yes,1,0.04,0.041368612,146.2136845,6.065507908,37.28045515,4.212951408,215.0172943,96.98107268,13.25343244,-0.530698606,0.10575,105.75,2171.279664,1.702827188,i,front,5660.636562,2168.474511,0.718187768,0.45342654
audio/723_SN13_high.wav,0.966916667,966.9166667,6,6.205291735,143.8976688,5.812073422,36.03867152,4.105349327,215.0339569,96.85418994,13.254774,-0.5533636,Yes,1,0.04,0.041368612,146.2502908,6.068770912,37.33300625,4.217123381,215.0172943,96.98107268,13.25343244,-0.530698606,0.10575,105.75,2171.279664,1.702827188,i,front,8211.214301,2536.674008,-0.721734424,0.487498407
audio/723_SN10_mid.wav,1.8418125,1841.8125,10,5.429434321,98.83450084,-0.331188895,12.32496534,2.100264597,127.2311639,75.60183575,4.169425031,-4.842081944,Yes,1,0.03,0.016288303,98.70241362,-0.354598426,12.32727828,2.101613913,127.2306802,75.60183575,4.169359218,-4.842081944,0.084979167,84.97916667,1624.446439,0.039396012,ɛ,front,6924.070828,1391.062935,1.081267583,2.596122282
audio/723_SN10_low.wav,1.8418125,1841.8125,10,5.429434321,98.815323,-0.334317872,12.31350849,2.098216646,127.2311639,75.60183575,4.169425031,-4.842081944,Yes,1,0.03,0.016288303,98.6834271,-0.357696197,12.31573402,2.09955312,127.2306802,75.60183575,4.169359218,-4.842081944,0.084979167,84.97916667,1624.446439,0.039396012,ɛ,front,5660.636562,2168.474511,0.718187768,0.45342654
audio/723_SN10_high.wav,1.8418125,1841.8125,10,5.429434321,98.76395352,-0.344634486,12.37848668,2.108386403,127.2311639,75.60183575,4.169425031,-4.842081944,Yes,1,0.03,0.016288303,98.63121766,-0.368149037,12.3794794,2.109506817,127.2306802,75.60183575,4.169359218,-4.842081944,0.084979167,84.97916667,1624.446439,0.039396012,ɛ,front,8211.214301,2536.674008,-0.721734424,0.487498407
audio/723_SN1_mid.wav,1.509,1509,8,5.301524188,97.95014316,-0.676961861,21.3034677,3.165353469,179.6205443,80.32917966,10.13942843,-3.792047417,No,0,0,0,97.95014316,-0.676961861,21.3034677,3.165353469,179.6205443,80.32917966,10.13942843,-3.792047417,0.113833333,113.8333333,1250.235585,-1.098929116,ɒ,back,6924.070828,1391.062935,1.081267583,2.596122282
audio/723_SN1_low.wav,1.509,1509,8,5.301524188,97.95014316,-0.676961861,21.3034677,3.165353469,179.6205443,80.32917966,10.13942843,-3.792047417,No,0,0,0,97.95014316,-0.676961861,21.3034677,3.165353469,179.6205443,80.32917966,10.13942843,-3.792047417,0.113833333,113.8333333,1250.235585,-1.098929116,ɒ,back,5660.636562,2168.474511,0.718187768,0.45342654
audio/723_SN1_high.wav,1.509,1509,8,5.301524188,97.95014316,-0.676961861,21.3034677,3.165353469,179.6205443,80.32917966,10.13942843,-3.792047417,No,0,0,0,97.95014316,-0.676961861,21.3034677,3.165353469,179.6205443,80.32917966,10.13942843,-3.792047417,0.113833333,113.8333333,1250.235585,-1.098929116,ɒ,back,8211.214301,2536.674008,-0.721734424,0.487498407
audio/723_CN9.wav,1.570375,1570.375,8,5.094324604,105.3493787,0.549238346,23.0063625,3.401217018,172.6533436,77.35673847,9.45453928,-4.444813512,No,0,0,0,105.3493787,0.549238346,23.0063625,3.401217018,172.6533436,77.35673847,9.45453928,-4.444813512,,,,,,,,,,
audio/723_CN8.wav,1.685020833,1685.020833,8,4.74771578,91.43219285,-1.67372929,11.15098291,2.064574647,126.0425339,65.95189648,4.006927955,-7.206167393,Yes,2,0.11,0.065281092,92.45204552,-1.479516103,11.12762945,2.052292462,123.3818096,65.92370242,3.637556532,-7.213569901,,,,,,,,,,
audio/723_CN7.wav,2.2636875,2263.6875,12,5.301085066,106.4340244,0.924370476,14.42817305,2.325797675,139.6152391,84.28743349,5.777477058,-2.959326488,Yes,1,0.03,0.013252713,107.3674343,1.085656211,14.06592868,2.250194163,139.5684463,84.30338777,5.771673763,-2.956049847,,,,,,,,,,
audio/723_CN5.wav,2.197854167,2197.854167,7,3.18492469,102.7099693,0.300021498,14.07904447,2.396922044,140.0780899,72.50848199,5.834775796,-5.565339895,Yes,1,0.04,0.01819957,103.2454937,0.395652571,13.90443883,2.356339698,140.2072025,72.47664151,5.850725555,-5.57294389,,,,,,,,,,
audio/723_CN4.wav,1.524625,1524.625,9,5.903090924,108.3822812,1.194099387,16.31133477,2.670920813,139.5813085,72.01491799,5.773269143,-5.683587614,No,0,0,0,108.3822812,1.194099387,16.31133477,2.670920813,139.5813085,72.01491799,5.773269143,-5.683587614,,,,,,,,,,
audio/723_CN3.wav,1.115520833,1115.520833,4,3.585768979,105.7421651,0.827368303,13.54032111,2.215302097,126.134961,89.06938536,4.019618455,-2.003981476,Yes,2,0.111347,0.099816155,105.3180797,0.75532486,13.61540259,2.233611561,126.1331374,84.92572126,4.019368167,-2.82871835,,,,,,,,,,
audio/723_CN21.wav,1.673291667,1673.291667,11,6.573868871,99.4811296,-0.164285592,9.073052154,1.635129021,119.7636752,61.43354166,3.122284798,-8.434818449,No,0,0,0,99.4811296,-0.164285592,9.073052154,1.635129021,119.7636752,61.43354166,3.122284798,-8.434818449,,,,,,,,,,
audio/723_CN20.wav,1.320416667,1320.416667,8,6.058693594,112.4556083,1.616839266,24.61704849,3.858373631,153.4546548,72.28611739,7.413748902,-5.618513902,Yes,1,0.295387,0.223707416,117.2754843,2.443587677,22.2830675,3.375842969,153.4519153,72.42852313,7.413439835,-5.584441643,,,,,,,,,,
audio/723_CN2.wav,1.059083333,1059.083333,6,5.665276576,111.8967022,1.591285968,23.86441136,3.488628527,174.6281867,79.01003291,9.651437311,-4.078706792,No,0,0,0,111.8967022,1.591285968,23.86441136,3.488628527,174.6281867,79.01003291,9.651437311,-4.078706792,,,,,,,,,,
audio/723_CN19.wav,1.469875,1469.875,7,4.76230972,103.3271694,0.391125479,14.50972449,2.506649049,123.0464245,74.29743916,3.590432836,-5.14338731,Yes,1,0.06,0.040819798,104.4421908,0.590827898,14.02715979,2.411029283,123.0464245,74.29743916,3.590432836,-5.14338731,,,,,,,,,,
audio/723_CN18.wav,2.018583333,2018.583333,8,3.963175494,101.0430134,0.053461757,12.41721874,2.089127142,124.1904413,78.86482205,3.750649637,-4.110554048,Yes,2,0.235307,0.116570367,101.229891,0.085572456,12.43436375,2.088623303,123.7807505,78.78194906,3.693443693,-4.128755823,,,,,,,,,,
audio/723_CN17.wav,1.553791667,1553.791667,10,6.435869245,108.7141076,1.220047756,18.47438988,2.768944705,158.6655546,83.57279322,7.991867539,-3.106736876,Yes,1,0.03,0.019307608,108.6859046,1.208697752,18.75857853,2.810362587,158.6655546,83.57279322,7.991867539,-3.106736876,,,,,,,,,,
audio/723_CN16.wav,1.011833333,1011.833333,7,6.918135398,138.5234011,4.950405227,34.00466157,5.33377758,174.7893125,65.28598284,9.66740369,-7.381857867,No,0,0,0,138.5234011,4.950405227,34.00466157,5.33377758,174.7893125,65.28598284,9.66740369,-7.381857867,,,,,,,,,,
audio/723_CN15.wav,0.913,913,6,6.571741512,144.3116694,6.192440786,18.52466193,2.442565378,168.8668897,99.72804083,9.070637784,-0.047146636,No,0,0,0,144.3116694,6.192440786,18.52466193,2.442565378,168.8668897,99.72804083,9.070637784,-0.047146636,,,,,,,,,,
audio/723_CN14.wav,1.271583333,1271.583333,8,6.291369028,101.6525076,0.097699642,14.9948148,2.56327889,127.2023526,66.02311143,4.165504237,-7.187483588,Yes,1,0.07,0.055049479,103.7606421,0.479727554,14.23888341,2.366004695,127.3137082,78.75569074,4.18065319,-4.134527054,,,,,,,,,,
audio/723_CN13.wav,0.997020833,997.0208333,6,6.017928412,132.1951945,4.787227039,9.511994924,1.267824442,152.5284262,108.3049861,7.308937658,1.381195957,No,0,0,0,132.1951945,4.787227039,9.511994924,1.267824442,152.5284262,108.3049861,7.308937658,1.381195957,,,,,,,,,,
audio/723_CN10.wav,2.082166667,2082.166667,10,4.802689506,99.02045885,-0.321192757,13.21472864,2.289326883,122.9793955,80.96622005,3.580999443,-3.655295626,Yes,3,0.319,0.153205795,101.5798905,0.13998384,12.56128527,2.14778416,122.899336,82.4499698,3.569725452,-3.340909556,,,,,,,,,,
audio/723_CN1.wav,1.198541667,1198.541667,7,5.840431079,107.524639,0.66033561,32.55444602,4.289818371,195.7789851,84.22224501,11.63071098,-2.972721152,No,0,0,0,107.524639,0.66033561,32.55444602,4.289818371,195.7789851,84.22224501,11.63071098,-2.972721152,,,,,,,,,,
audio/246_SN9_mid.wav,1.988625,1988.625,8,4.022880131,101.642358,-0.487954183,29.55309724,5.311489892,156.35426,50.68814114,7.73782233,-11.76335805,Yes,5,0.49911,0.250982463,108.9444811,0.944271772,26.36263749,4.473339555,156.4048692,54.2591546,7.743425124,-10.58473831,0.170604167,170.6041667,2261.760279,0.911383321,æ,front,6924.070828,1391.062935,1.081267583,2.596122282
audio/246_SN9_low.wav,1.988625,1988.625,8,4.022880131,101.6423367,-0.487957122,29.55307972,5.311487403,156.35426,50.68814114,7.73782233,-11.76335805,Yes,5,0.49911,0.250982463,108.9444506,0.944267566,26.36261783,4.473336678,156.4048692,54.2591546,7.743425124,-10.58473831,0.170604167,170.6041667,2261.760279,0.911383321,æ,front,5660.636562,2168.474511,0.718187768,0.45342654
audio/246_SN9_high.wav,1.988625,1988.625,8,4.022880131,101.6423779,-0.487951439,29.5531136,5.311492215,156.35426,50.68814114,7.73782233,-11.76335805,Yes,5,0.49911,0.250982463,108.9445227,0.944277504,26.36266432,4.473343479,156.4048692,54.2591546,7.743425124,-10.58473831,0.170604167,170.6041667,2261.760279,0.911383321,æ,front,8211.214301,2536.674008,-0.721734424,0.487498407
audio/246_SN8_mid.wav,1.608770833,1608.770833,8,4.972740576,105.5083441,0.468822769,23.88564329,4.108167332,147.4633485,52.13473161,6.724277064,-11.27619952,Yes,3,0.28,0.17404592,110.5146858,1.49652703,18.81948337,2.84970854,147.071317,86.89789618,6.678190896,-2.431282144,0.099125,99.125,2875.328733,2.22515531,i,front,6924.070828,1391.062935,1.081267583,2.596122282
audio/246_SN8_low.wav,1.608770833,1608.770833,8,4.972740576,105.5083441,0.468822769,23.88564329,4.108167332,147.4633485,52.13473161,6.724277064,-11.27619952,Yes,3,0.28,0.17404592,110.5146858,1.49652703,18.81948337,2.84970854,147.071317,86.89789618,6.678190896,-2.431282144,0.099125,99.125,2875.328733,2.22515531,i,front,5660.636562,2168.474511,0.718187768,0.45342654
audio/246_SN8_high.wav,1.608770833,1608.770833,8,4.972740576,105.5083441,0.468822769,23.88564329,4.108167332,147.4633485,52.13473161,6.724277064,-11.27619952,Yes,3,0.28,0.17404592,110.5146858,1.49652703,18.81948337,2.84970854,147.071317,86.89789618,6.678190896,-2.431282144,0.099125,99.125,2875.328733,2.22515531,i,front,8211.214301,2536.674008,-0.721734424,0.487498407
audio/246_SN7_mid.wav,2.38975,2389.75,12,5.021445758,97.30938484,-1.328402069,29.87505826,5.606326208,156.2074023,51.19275513,7.721553855,-11.59186131,Yes,3,0.516627,0.216184538,113.6997878,1.929524753,21.58249667,3.200150077,156.0930598,79.47147967,7.708876721,-3.977890666,0.125875,125.875,2762.328492,1.983199338,i,front,6924.070828,1391.062935,1.081267583,2.596122282
audio/246_SN7_low.wav,2.38975,2389.75,12,5.021445758,97.30752076,-1.328718495,29.87476157,5.60623047,156.2074023,51.19275513,7.721553855,-11.59186131,Yes,3,0.516627,0.216184538,113.6971223,1.929072755,21.58396467,3.200377304,156.0930598,79.47147967,7.708876721,-3.977890666,0.125875,125.875,2762.328492,1.983199338,i,front,5660.636562,2168.474511,0.718187768,0.45342654
audio/246_SN7_high.wav,2.38975,2389.75,12,5.021445758,97.29074471,-1.33158273,29.87242111,5.605414986,156.2074023,51.19275513,7.721553855,-11.59186131,Yes,3,0.516627,0.216184538,113.695678,1.928827609,21.58476671,3.200501855,156.0930598,79.47147967,7.708876721,-3.977890666,0.125875,125.875,2762.328492,1.983199338,i,front,8211.214301,2536.674008,-0.721734424,0.487498407
audio/246_SN5_mid.wav,2.489,2489,9,3.615910004,115.9633233,2.368069488,17.57138324,2.626279556,160.2628788,74.38110002,8.165283567,-5.123904129,Yes,3,0.453493,0.182198875,114.1990582,2.082534376,18.10661411,2.76405869,160.8015433,73.69493157,8.223375037,-5.284352336,0.109729167,109.7291667,1643.987263,-0.411391471,æ,front,6924.070828,1391.062935,1.081267583,2.596122282
audio/246_SN5_low.wav,2.489,2489,9,3.615910004,115.9634158,2.368086964,17.57124953,2.626253795,160.2628788,74.38110002,8.165283567,-5.123904129,Yes,3,0.453493,0.182198875,114.20216,2.083111745,18.10293732,2.763352522,160.8015433,73.69493157,8.223375037,-5.284352336,0.109729167,109.7291667,1643.987263,-0.411391471,æ,front,5660.636562,2168.474511,0.718187768,0.45342654
audio/246_SN5_high.wav,2.489,2489,9,3.615910004,115.9707318,2.369429616,17.56213409,2.62450283,160.2628788,74.38110002,8.165283567,-5.123904129,Yes,3,0.453493,0.182198875,114.1937608,2.081544643,18.11299592,2.765291546,160.8015433,73.69493157,8.223375037,-5.284352336,0.109729167,109.7291667,1643.987263,-0.411391471,æ,front,8211.214301,2536.674008,-0.721734424,0.487498407
audio/246_SN4_mid.wav,1.554875,1554.875,7,4.501969612,105.5692582,0.691390338,18.77520934,2.921640144,154.9051665,72.24609587,7.576623154,-5.62810161,Yes,2,0.232974,0.149834553,106.7641527,0.864070013,19.86581642,3.043800205,155.1474372,72.25577473,7.603678394,-5.625782417,0.12225,122.25,2171.372964,0.717846118,u,back,6924.070828,1391.062935,1.081267583,2.596122282
audio/246_SN4_low.wav,1.554875,1554.875,7,4.501969612,105.5706638,0.691640036,18.77463473,2.921534015,154.9051665,72.24942104,7.576623154,-5.627304817,Yes,2,0.232974,0.149834553,106.7653252,0.864277861,19.86530117,3.043706188,155.1474372,72.25842911,7.603678394,-5.625146446,0.12225,122.25,2171.372964,0.717846118,u,back,5660.636562,2168.474511,0.718187768,0.45342654
audio/246_SN4_high.wav,1.554875,1554.875,7,4.501969612,105.5653644,0.690715182,18.77642798,2.921811346,154.9051665,72.24590198,7.576623154,-5.628148072,Yes,2,0.232974,0.149834553,106.7598229,0.863319826,19.86734968,3.044022718,155.1474372,72.25574229,7.603678394,-5.625790191,0.12225,122.25,2171.372964,0.717846118,u,back,8211.214301,2536.674008,-0.721734424,0.487498407
audio/246_SN3_mid.wav,1.454041667,1454.041667,7,4.814167407,108.0120937,0.860037211,25.08054381,4.184931674,150.7894696,53.39023454,7.11042818,-10.8642265,Yes,3,0.391921,0.269539044,109.990402,1.259897797,23.60984635,3.736032074,150.7934638,64.62272877,7.11088675,-7.558637082,0.120229167,120.2291667,2566.275581,1.563411097,eɪ,front,6924.070828,1391.062935,1.081267583,2.596122282
audio/246_SN3_low.wav,1.454041667,1454.041667,7,4.814167407,108.0117529,0.859975066,25.08072664,4.184958567,150.7894696,53.39023454,7.11042818,-10.8642265,Yes,3,0.391921,0.269539044,109.9892148,1.259681222,23.61062691,3.736161242,150.7934638,64.62272877,7.11088675,-7.558637082,0.120229167,120.2291667,2566.275581,1.563411097,eɪ,front,5660.636562,2168.474511,0.718187768,0.45342654
audio/246_SN3_high.wav,1.454041667,1454.041667,7,4.814167407,108.0121436,0.860046349,25.08051621,4.184927539,150.7894696,53.39023454,7.11042818,-10.8642265,Yes,3,0.391921,0.269539044,109.9900999,1.259842058,23.61005885,3.73606835,150.7934638,64.62272877,7.11088675,-7.558637082,0.120229167,120.2291667,2566.275581,1.563411097,eɪ,front,8211.214301,2536.674008,-0.721734424,0.487498407
audio/246_SN21_mid.wav,1.4703125,1470.3125,8,5.441020191,111.344025,1.755975652,12.65246627,1.915326547,137.1167544,93.8023046,5.464858394,-1.107656718,Yes,3,0.60242,0.409722423,111.2795228,1.745956295,12.65092479,1.914705526,136.880001,93.89122677,5.43494011,-1.09125284,0.126958333,126.9583333,2587.793953,1.609486208,i,front,6924.070828,1391.062935,1.081267583,2.596122282
audio/246_SN21_low.wav,1.4703125,1470.3125,8,5.441020191,111.3458747,1.756298644,12.6506214,1.914994816,137.1167544,93.80046664,5.464858394,-1.10799594,Yes,3,0.60242,0.409722423,111.2841687,1.746769102,12.64624486,1.913859693,136.880001,93.88998125,5.43494011,-1.091482499,0.126958333,126.9583333,2587.793953,1.609486208,i,front,5660.636562,2168.474511,0.718187768,0.45342654
audio/246_SN21_high.wav,1.4703125,1470.3125,8,5.441020191,111.3741297,1.761215712,12.62318177,1.910083083,137.1167544,93.80399512,5.464858394,-1.107344716,Yes,3,0.60242,0.409722423,111.3151314,1.752155794,12.61639076,1.90851695,136.880001,93.89220246,5.43494011,-1.091072937,0.126958333,126.9583333,2587.793953,1.609486208,i,front,8211.214301,2536.674008,-0.721734424,0.487498407
audio/246_SN20_mid.wav,1.988979167,1988.979167,9,4.524934273,104.7559294,0.532935859,18.43664699,3.152191621,153.7263068,53.84913875,7.444368852,-10.71605789,Yes,5,0.507533,0.255172607,106.5862777,0.927157721,16.35114996,2.428078025,153.6838146,87.42769744,7.439582806,-2.326052296,0.1279375,127.9375,1730.395744,-0.226373742,ɛ,front,6924.070828,1391.062935,1.081267583,2.596122282
audio/246_SN20_low.wav,1.988979167,1988.979167,9,4.524934273,104.7559367,0.532937002,18.43664957,3.152192098,153.7263068,53.84913875,7.444368852,-10.71605789,Yes,5,0.507533,0.255172607,106.3482765,0.887475991,16.40366731,2.432061954,153.6838146,87.42769744,7.439582806,-2.326052296,0.1279375,127.9375,1730.395744,-0.226373742,ɛ,front,5660.636562,2168.474511,0.718187768,0.45342654
audio/246_SN20_high.wav,1.988979167,1988.979167,9,4.524934273,104.7559497,0.532939017,18.43665411,3.152192938,153.7263068,53.84913875,7.444368852,-10.71605789,Yes,5,0.507533,0.255172607,106.3482979,0.887479327,16.4036736,2.432063254,153.6838146,87.42769744,7.439582806,-2.326052296,0.1279375,127.9375,1730.395744,-0.226373742,ɛ,front,8211.214301,2536.674008,-0.721734424,0.487498407
audio/246_SN2_mid.wav,1.360104167,1360.104167,7,5.146664624,108.6839375,0.938426843,26.56793074,4.219537212,156.1462537,66.72572011,7.714775473,-7.004221496,Yes,2,0.126308,0.092866416,110.9878711,1.360394452,25.43072404,3.96924419,156.2775349,72.81231733,7.72932484,-5.492946835,0.112333333,112.3333333,1663.306757,-0.370024594,aʊ,back,6924.070828,1391.062935,1.081267583,2.596122282
audio/246_SN2_low.wav,1.360104167,1360.104167,7,5.146664624,108.6839387,0.938427077,26.56792973,4.219537014,156.1462537,66.72572011,7.714775473,-7.004221496,Yes,2,0.126308,0.092866416,110.9878471,1.360389634,25.430748,3.969249091,156.2775349,72.81231733,7.72932484,-5.492946835,0.112333333,112.3333333,1663.306757,-0.370024594,aʊ,back,5660.636562,2168.474511,0.718187768,0.45342654
audio/246_SN2_high.wav,1.360104167,1360.104167,7,5.146664624,108.6839559,0.938430531,26.5679149,4.219534095,156.1462537,66.72572011,7.714775473,-7.004221496,Yes,2,0.126308,0.092866416,110.9877857,1.360377275,25.43080949,3.969261665,156.2775349,72.81231733,7.72932484,-5.492946835,0.112333333,112.3333333,1663.306757,-0.370024594,aʊ,back,8211.214301,2536.674008,-0.721734424,0.487498407
audio/246_SN19_mid.wav,1.365020833,1365.020833,7,5.12812686,93.68289667,-2.318116934,34.46311543,6.488558799,146.1749998,52.51218259,6.572359074,-11.15131121,Yes,4,0.33,0.241754552,116.4504861,1.992566372,28.00648588,5.131411592,146.175433,58.97798656,6.572410381,-9.141018282,0.120375,120.375,2647.56248,1.7374625,eɪ,front,6924.070828,1391.062935,1.081267583,2.596122282
audio/246_SN19_low.wav,1.365020833,1365.020833,7,5.12812686,93.68288409,-2.318120118,34.4631248,6.488560917,146.1749998,52.51218259,6.572359074,-11.15131121,Yes,4,0.33,0.241754552,116.4504861,1.992566372,28.00648588,5.131411592,146.175433,58.97798656,6.572410381,-9.141018282,0.120375,120.375,2647.56248,1.7374625,eɪ,front,5660.636562,2168.474511,0.718187768,0.45342654
audio/246_SN19_high.wav,1.365020833,1365.020833,7,5.12812686,93.68283386,-2.318132825,34.46316218,6.488569369,146.1749998,52.51218259,6.572359074,-11.15131121,Yes,4,0.33,0.241754552,116.4504861,1.992566372,28.00648588,5.131411592,146.175433,58.97798656,6.572410381,-9.141018282,0.120375,120.375,2647.56248,1.7374625,eɪ,front,8211.214301,2536.674008,-0.721734424,0.487498407
audio/246_SN18_mid.wav,1.716895833,1716.895833,7,4.077125626,102.4438029,0.223858695,15.79579269,2.614703154,152.8293551,55.11972833,7.343060153,-10.31231181,Yes,3,0.193911,0.112942787,102.6005482,0.284249052,14.92219031,2.315288292,152.8235577,74.91883339,7.342403423,-4.999195923,0.110270833,110.2708333,1989.224214,0.327829448,ɛ,front,6924.070828,1391.062935,1.081267583,2.596122282
audio/246_SN18_low.wav,1.716895833,1716.895833,7,4.077125626,102.4438029,0.223858695,15.79579269,2.614703154,152.8293551,55.11972833,7.343060153,-10.31231181,Yes,3,0.193911,0.112942787,102.6005482,0.284249052,14.92219031,2.315288292,152.8235577,74.91883339,7.342403423,-4.999195923,0.110270833,110.2708333,1989.224214,0.327829448,ɛ,front,5660.636562,2168.474511,0.718187768,0.45342654
audio/246_SN18_high.wav,1.716895833,1716.895833,7,4.077125626,102.4438029,0.223858695,15.79579269,2.614703154,152.8293551,55.11972833,7.343060153,-10.31231181,Yes,3,0.193911,0.112942787,102.6005482,0.284249052,14.92219031,2.315288292,152.8235577,74.91883339,7.342403423,-4.999195923,0.110270833,110.2708333,1989.224214,0.327829448,ɛ,front,8211.214301,2536.674008,-0.721734424,0.487498407
audio/246_SN17_mid.wav,1.7578125,1757.8125,9,5.12,109.558685,1.280519759,21.97009,3.156832707,161.2971443,83.72487716,8.276650759,-3.075260887,Yes,1,0.112779,0.06415872,110.1973138,1.377455302,22.15813371,3.181200796,161.2940559,85.90866726,8.27631927,-2.629492846,0.115854167,115.8541667,2028.768196,0.412500972,u,back,6924.070828,1391.062935,1.081267583,2.596122282
audio/246_SN17_low.wav,1.7578125,1757.8125,9,5.12,109.558685,1.280519759,21.97009,3.156832707,161.2971443,83.72487716,8.276650759,-3.075260887,Yes,1,0.112779,0.06415872,110.1973138,1.377455302,22.15813371,3.181200796,161.2940559,85.90866726,8.27631927,-2.629492846,0.115854167,115.8541667,2028.768196,0.412500972,u,back,5660.636562,2168.474511,0.718187768,0.45342654
audio/246_SN17_high.wav,1.7578125,1757.8125,9,5.12,109.558685,1.280519759,21.97009,3.156832707,161.2971443,83.72487716,8.276650759,-3.075260887,Yes,1,0.112779,0.06415872,110.1973138,1.377455302,22.15813371,3.181200796,161.2940559,85.90866726,8.27631927,-2.629492846,0.115854167,115.8541667,2028.768196,0.412500972,u,back,8211.214301,2536.674008,-0.721734424,0.487498407
audio/246_SN16_mid.wav,1.297708333,1297.708333,8,6.164713437,113.8104249,1.763555072,25.65857554,4.248568739,159.7880668,50.07903242,8.113916042,-11.97265688,Yes,2,0.347708,0.267940023,110.3530892,1.267479227,23.87887256,4.083477856,158.6087294,50.07897077,7.985666101,-11.97267819,0.101791667,101.7916667,1477.525005,-0.767820244,ʌ,back,6924.070828,1391.062935,1.081267583,2.596122282
audio/246_SN16_low.wav,1.297708333,1297.708333,8,6.164713437,114.1145261,1.802685103,25.85248889,4.286448473,159.7880668,50.07903242,8.113916042,-11.97265688,Yes,2,0.347708,0.267940023,110.6050675,1.29871135,24.10701985,4.127279213,158.6087294,50.07897077,7.985666101,-11.97267819,0.101791667,101.7916667,1477.525005,-0.767820244,ʌ,back,5660.636562,2168.474511,0.718187768,0.45342654
audio/246_SN16_high.wav,1.297708333,1297.708333,8,6.164713437,114.1162722,1.802975607,25.85179473,4.286371301,159.7880668,50.07903242,8.113916042,-11.97265688,Yes,2,0.347708,0.267940023,110.6069891,1.299031062,24.10648522,4.127230779,158.6087294,50.07897077,7.985666101,-11.97267819,0.101791667,101.7916667,1477.525005,-0.767820244,ʌ,back,8211.214301,2536.674008,-0.721734424,0.487498407
audio/246_SN15_mid.wav,1.287458333,1287.458333,7,5.437069161,120.0496201,2.696515339,26.93414264,4.217291969,159.3090736,50.64172975,8.06194127,-11.77921694,Yes,2,0.27,0.209715525,122.8274029,3.20912375,25.03927941,3.540379326,159.3090736,91.68618584,8.06194127,-1.502684549,0.161,161,1261.02274,-1.231394618,oʊ,back,6924.070828,1391.062935,1.081267583,2.596122282
audio/246_SN15_low.wav,1.287458333,1287.458333,7,5.437069161,120.0497343,2.696536608,26.93402438,4.217271392,159.3090736,50.64172975,8.06194127,-11.77921694,Yes,2,0.27,0.209715525,122.8275275,3.209146953,25.03912604,3.540349051,159.3090736,91.68618584,8.06194127,-1.502684549,0.161,161,1261.02274,-1.231394618,oʊ,back,5660.636562,2168.474511,0.718187768,0.45342654
audio/246_SN15_high.wav,1.287458333,1287.458333,7,5.437069161,120.0499086,2.696569073,26.9338439,4.21723999,159.3090736,50.64172975,8.06194127,-11.77921694,Yes,2,0.27,0.209715525,122.8277176,3.209182369,25.03889194,3.540302849,159.3090736,91.68618584,8.06194127,-1.502684549,0.161,161,1261.02274,-1.231394618,oʊ,back,8211.214301,2536.674008,-0.721734424,0.487498407
audio/246_SN14_mid.wav,1.65175,1651.75,8,4.843347964,98.39174471,-0.72695892,22.41681035,4.025475361,157.8800517,52.45980629,7.905946761,-11.16858737,Yes,4,0.432992,0.262141365,103.3106863,0.307340473,18.99465995,2.945696814,157.8714095,76.07633129,7.904999072,-4.733765035,0.1218125,121.8125,2548.912099,1.526232432,i,front,6924.070828,1391.062935,1.081267583,2.596122282
audio/246_SN14_low.wav,1.65175,1651.75,8,4.843347964,98.39026867,-0.727206563,22.41648792,4.025395625,157.8800517,52.45980629,7.905946761,-11.16858737,Yes,4,0.432992,0.262141365,103.3087394,0.307014327,18.99465653,2.945667167,157.8714095,76.07633129,7.904999072,-4.733765035,0.1218125,121.8125,2548.912099,1.526232432,i,front,5660.636562,2168.474511,0.718187768,0.45342654
audio/246_SN14_high.wav,1.65175,1651.75,8,4.843347964,98.39284572,-0.726774583,22.41706129,4.025536418,157.8800517,52.45980629,7.905946761,-11.16858737,Yes,4,0.432992,0.262141365,103.3101428,0.30724933,18.99466199,2.945689118,157.8714095,76.07633129,7.904999072,-4.733765035,0.1218125,121.8125,2548.912099,1.526232432,i,front,8211.214301,2536.674008,-0.721734424,0.487498407
audio/246_SN13_mid.wav,1.198083333,1198.083333,6,5.007998887,100.9692742,0.040393549,12.65383496,2.100525192,128.2264515,83.32385568,4.304326826,-3.158381946,No,0,0,0,100.9692742,0.040393549,12.65383496,2.100525192,128.2264515,83.32385568,4.304326826,-3.158381946,0.141166667,141.1666667,2668.032398,1.781292662,i,front,6924.070828,1391.062935,1.081267583,2.596122282
audio/246_SN13_low.wav,1.198083333,1198.083333,6,5.007998887,100.9475993,0.037456198,12.60655788,2.09448066,127.4401386,83.32385568,4.1978369,-3.158381946,No,0,0,0,100.9475993,0.037456198,12.60655788,2.09448066,127.4401386,83.32385568,4.1978369,-3.158381946,0.141166667,141.1666667,2668.032398,1.781292662,i,front,5660.636562,2168.474511,0.718187768,0.45342654
audio/246_SN13_high.wav,1.198083333,1198.083333,6,5.007998887,100.9742454,0.041054625,12.66551562,2.101995934,128.4873193,83.32385568,4.339511798,-3.158381946,No,0,0,0,100.9742454,0.041054625,12.66551562,2.101995934,128.4873193,83.32385568,4.339511798,-3.158381946,0.141166667,141.1666667,2668.032398,1.781292662,i,front,8211.214301,2536.674008,-0.721734424,0.487498407
audio/246_SN10_mid.wav,2.056395833,2056.395833,10,4.862877,101.7325361,-0.283045514,26.05949599,4.605641328,160.9324365,50.83629451,8.23746163,-11.71283064,Yes,2,0.516396,0.251117023,108.2541889,1.088859173,21.06901087,3.070684589,161.0284586,73.62491059,8.247788144,-5.300809415,0.1344375,134.4375,1947.696632,0.238910643,ɛ,front,6924.070828,1391.062935,1.081267583,2.596122282
audio/246_SN10_low.wav,2.056395833,2056.395833,10,4.862877,101.7486333,-0.281110773,26.0859926,4.608452924,160.9324365,50.83629451,8.23746163,-11.71283064,Yes,2,0.516396,0.251117023,108.235622,1.086654797,21.03530172,3.06670784,161.0284586,73.62491059,8.247788144,-5.300809415,0.1344375,134.4375,1947.696632,0.238910643,ɛ,front,5660.636562,2168.474511,0.718187768,0.45342654
audio/246_SN10_high.wav,2.056395833,2056.395833,10,4.862877,101.7856803,-0.276709403,26.14924784,4.615034072,160.9324365,50.83629451,8.23746163,-11.71283064,Yes,2,0.516396,0.251117023,108.2724886,1.09101559,21.10313488,3.07466092,161.0284586,73.62491059,8.247788144,-5.300809415,0.1344375,134.4375,1947.696632,0.238910643,ɛ,front,8211.214301,2536.674008,-0.721734424,0.487498407
audio/246_SN1_mid.wav,1.518604167,1518.604167,8,5.267995555,113.0054159,1.316611692,32.31215152,5.560026021,158.6504568,50.22423904,7.99022011,-11.92253153,Yes,3,0.605202,0.398525181,128.8577922,4.227752687,17.98594209,2.396891059,158.7000473,105.8870793,7.9956307,0.990318683,0.128875,128.875,1447.918236,-0.83121422,ɒ,back,6924.070828,1391.062935,1.081267583,2.596122282
audio/246_SN1_low.wav,1.518604167,1518.604167,8,5.267995555,113.0059358,1.3166716,32.31276747,5.560089435,158.6504568,50.22423904,7.99022011,-11.92253153,Yes,3,0.605202,0.398525181,128.8524768,4.227132061,17.98000802,2.396198842,158.7000473,105.8870793,7.9956307,0.990318683,0.128875,128.875,1447.918236,-0.83121422,ɒ,back,5660.636562,2168.474511,0.718187768,0.45342654
audio/246_SN1_high.wav,1.518604167,1518.604167,8,5.267995555,112.9406458,1.309003234,32.24119211,5.552424074,158.6504568,50.22423904,7.99022011,-11.92253153,Yes,3,0.605202,0.398525181,128.9281171,4.235876992,18.07026141,2.406573624,158.7000473,105.8870793,7.9956307,0.990318683,0.128875,128.875,1447.918236,-0.83121422,ɒ,back,8211.214301,2536.674008,-0.721734424,0.487498407
audio/246_CN9.wav,1.795479167,1795.479167,8,4.455635102,104.4996697,-0.077130198,33.1101419,5.461565192,168.6931354,55.27851606,9.052815207,-10.26251049,Yes,5,0.487303,0.271405544,111.3311503,1.238486476,30.60817144,4.684742942,168.7119027,64.54345678,9.054741122,-7.579886975,,,,,,,,,,
audio/246_CN8.wav,1.520854167,1520.854167,8,5.260201915,106.7303118,0.393992936,29.59266419,5.262896048,156.3670949,50.83237222,7.739243416,-11.71416643,Yes,3,0.347647,0.228586677,111.254268,1.287132139,27.21250196,4.583764975,156.3056971,54.68325546,7.732444357,-10.44994754,,,,,,,,,,
audio/246_CN7.wav,2.526083333,2526.083333,12,4.750437106,101.0598619,-0.457444533,26.93398359,4.818197544,151.580034,54.49583093,7.200956823,-10.50938677,Yes,3,0.198586,0.078614192,106.6994749,0.592188605,25.23946183,4.461396847,151.7391479,51.06875977,7.219120092,-11.63384486,,,,,,,,,,
audio/246_CN5.wav,2.454020833,2454.020833,7,2.852461521,112.4381176,1.613882142,24.35465857,3.882282708,162.5430274,60.36851879,8.40986005,-8.737580298,Yes,3,0.285075,0.116166496,115.6445666,2.240009142,21.34154926,3.082794193,162.718447,84.81607649,8.428533782,-2.851084177,,,,,,,,,,
audio/246_CN4.wav,1.5825,1582.5,9,5.687203791,94.25014573,-1.347523615,18.05967938,3.426187068,141.2099493,62.25004417,5.97410089,-8.206238807,Yes,2,0.181987,0.114999684,95.62791887,-1.109375206,18.8350254,3.481747389,141.1809827,62.24043341,5.970549215,-8.20891186,,,,,,,,,,
audio/246_CN3.wav,1.051479167,1051.479167,4,3.804164768,101.5930468,-0.044054224,18.42127344,3.483071147,124.2106535,62.61150837,3.753467013,-8.106002848,Yes,1,0.11051,0.105099562,103.9061904,0.420914972,16.53418424,3.035932279,123.3104711,66.47751976,3.62754377,-7.068738456,,,,,,,,,,
audio/246_CN21.wav,2.300229167,2300.229167,11,4.782132215,95.67058844,-1.290134625,21.94661341,4.474168161,132.0061852,50.25491478,4.807266346,-11.91196081,Yes,2,0.333639,0.145045983,98.4006028,-0.68629966,20.11187438,3.926796884,131.940171,50.23665758,4.798606553,-11.91825138,,,,,,,,,,
audio/246_CN20.wav,1.571458333,1571.458333,8,5.090812674,101.80618,0.122467827,16.20801736,2.491388458,151.4648652,87.83716942,7.18779811,-2.245158372,Yes,2,0.35,0.222723055,101.8552566,0.137510193,15.84646999,2.452294533,151.2500699,87.87228109,7.16322971,-2.238239392,,,,,,,,,,
audio/246_CN2.wav,1.1765,1176.5,6,5.099872503,112.669912,1.410185249,28.84049651,5.093379237,152.4528337,53.57542439,7.300355603,-10.80428066,Yes,3,0.274811,0.23358351,122.5580572,3.28851423,20.24608115,2.923986199,152.5605562,92.40130804,7.312584099,-1.368177842,,,,,,,,,,
audio/246_CN19.wav,1.308416667,1308.416667,7,5.349977708,96.20006164,-1.313172176,26.04900196,4.811328007,142.2777581,55.67798888,6.104521759,-10.13785192,Yes,2,0.169019,0.129178269,97.25623208,-1.107070168,25.98178216,4.746935092,142.4676421,58.55136645,6.127611421,-9.266703057,,,,,,,,,,
audio/246_CN18.wav,2.008166667,2008.166667,8,3.98373309,95.02486726,-1.107169507,14.78497858,2.868532426,128.2040638,56.96500721,4.301303912,-9.742225566,Yes,1,0.194843,0.097025313,94.40267374,-1.256591481,15.58936814,3.114271077,128.1972142,50.80327862,4.300378943,-11.72407788,,,,,,,,,,
audio/246_CN17.wav,1.99675,1996.75,10,5.008138225,111.5526766,1.415696656,26.46783611,4.170072724,173.6903456,50.03506418,9.558210789,-11.98786339,Yes,3,0.383159,0.191891323,110.051549,1.101955306,27.66704723,4.549775123,173.6767814,50.05645949,9.55685874,-11.98046211,,,,,,,,,,
audio/246_CN16.wav,1.205458333,1205.458333,7,5.806919913,115.8043504,2.410191196,14.12655735,2.167136315,137.5723834,82.38548798,5.522290672,-3.354454352,Yes,1,0.142501,0.118213128,115.8773669,2.431952739,13.59892197,2.069615199,137.6311429,82.33215266,5.529683481,-3.365665771,,,,,,,,,,
audio/246_CN15.wav,1.077354167,1077.354167,6,5.569199234,103.51511,-0.33603664,31.87762311,6.006880699,147.8731126,50.00918936,6.77231706,-11.99681851,Yes,1,0.210669,0.195542939,108.1773683,0.576873792,30.01790369,5.570731314,147.8711304,50.00213166,6.772084986,-11.99926193,,,,,,,,,,
audio/246_CN14.wav,1.4651875,1465.1875,8,5.460052041,113.5654172,1.702559524,25.50494015,4.422111132,152.5570893,53.42474398,7.312190684,-10.85304007,Yes,3,0.429749,0.293306488,110.3256625,1.238922111,23.93918691,4.253389873,149.1388876,52.50570838,6.919877829,-11.15344578,,,,,,,,,,
audio/246_CN13.wav,0.956666667,956.6666667,6,6.271777003,113.3341796,1.989965838,15.09809047,2.637638803,140.1974293,57.10244864,5.849518754,-9.700505796,Yes,1,0.110073,0.115058885,114.7793484,2.287603611,12.42144047,1.878997175,140.1331774,93.71730597,5.841582755,-1.123351348,,,,,,,,,,
audio/246_CN10.wav,1.830895833,1830.895833,10,5.461807175,101.8287254,-0.316786999,26.97168711,4.809868697,163.6765398,50.14817472,8.530170614,-11.94877085,Yes,3,0.459837,0.251154103,108.6438008,0.989733277,24.28425073,4.06257975,163.7637989,50.08366218,8.539397697,-11.97105644,,,,,,,,,,
audio/246_CN1.wav,1.65325,1653.25,7,4.234084379,98.81435412,-0.829983319,25.65715282,4.84233695,143.1295731,52.69291251,6.207861464,-11.09183005,Yes,3,0.583582,0.352990776,109.1509733,1.277950177,18.85602796,2.895981557,143.1562733,78.57258502,6.211090712,-4.174824832,,,,,,,,,,