workerid,age,gender,gender_corr,race,race_corr,region,political,edu,lang
1338,68,male,male,white,White,"Southeast - AL, AR, FL, GA, KY, LA, MS, NC, SC, TN, VA, WV",Very Progressive,Hold a higher degree,English
1371,46,female,female,hispanic,Latinx,"West - AK, CA, CO, HI, ID, MT, NV, OR, UT, WA, WY",Moderate,Some college,english
1434,64,Female,female,White,White,"Southeast - AL, AR, FL, GA, KY, LA, MS, NC, SC, TN, VA, WV",Somewhat Conservative,Graduated college,English
1460,55,male,male,white,White,"West - AK, CA, CO, HI, ID, MT, NV, OR, UT, WA, WY",Moderate,Graduated college,English
1451,48,female,female,white & Hawaiian,Mixed,"West - AK, CA, CO, HI, ID, MT, NV, OR, UT, WA, WY",Moderate,Graduated college,English
1380,53,MALE,male,WHITE,White,"West - AK, CA, CO, HI, ID, MT, NV, OR, UT, WA, WY",Very Conservative,Graduated college,ENGLISH
1512,66,female,female,white,White,"Southeast - AL, AR, FL, GA, KY, LA, MS, NC, SC, TN, VA, WV",Somewhat Conservative,Hold a higher degree,English
1453,48,male,male,white,White,"Southeast - AL, AR, FL, GA, KY, LA, MS, NC, SC, TN, VA, WV",Somewhat Progressive,Graduated college,emglish
1471,39,Male,male,Black,Black,,,Hold a higher degree,English
1287,51,male,male,white,White,"Southeast - AL, AR, FL, GA, KY, LA, MS, NC, SC, TN, VA, WV",Somewhat Progressive,Hold a higher degree,English
1341,50,female,female,white,White,"Northeast - CT, DC, DE, MA, MD, ME, NH, NJ, NY, PA, RI, VT",Very Progressive,Hold a higher degree,English
1582,52,non-binary/genderfluid,nc,White/Caucasian,White,"Midwest - IA, IL, IN, KS, MI, MN, MO, ND, NE, OH, SD, WI",Somewhat Progressive,Some college,English
1476,47,female,female,white,White,"West - AK, CA, CO, HI, ID, MT, NV, OR, UT, WA, WY",Somewhat Progressive,Hold a higher degree,english
1485,46,Female,female,White,White,"Southeast - AL, AR, FL, GA, KY, LA, MS, NC, SC, TN, VA, WV",Somewhat Conservative,Graduated high school,English
1344,58,female,female,,,"Northeast - CT, DC, DE, MA, MD, ME, NH, NJ, NY, PA, RI, VT",Moderate,Hold a higher degree,English
1503,26,nonbinary,nc,white,White,"Midwest - IA, IL, IN, KS, MI, MN, MO, ND, NE, OH, SD, WI",Very Progressive,Some college,English
1548,28,Genderqueer,nc,white,White,"Midwest - IA, IL, IN, KS, MI, MN, MO, ND, NE, OH, SD, WI",Very Progressive,Graduated high school,English
1441,68,female,female,white,White,"Midwest - IA, IL, IN, KS, MI, MN, MO, ND, NE, OH, SD, WI",Somewhat Progressive,Graduated high school,English
1431,59,Male,male,N/A,,"Northeast - CT, DC, DE, MA, MD, ME, NH, NJ, NY, PA, RI, VT",Very Progressive,Graduated college,
1389,24,male,male,white,White,"Northeast - CT, DC, DE, MA, MD, ME, NH, NJ, NY, PA, RI, VT",Somewhat Conservative,Graduated high school,English
1311,31,male,male,white,White,"Midwest - IA, IL, IN, KS, MI, MN, MO, ND, NE, OH, SD, WI",Very Conservative,Graduated college,English
1567,40,Female,female,caucasion,White,"Southwest - AZ, NM, OK, TX",Moderate,Graduated high school,English
1444,45,female,female,white,White,"Northeast - CT, DC, DE, MA, MD, ME, NH, NJ, NY, PA, RI, VT",Very Progressive,Some college,English
1410,26,male,male,white,White,"Southwest - AZ, NM, OK, TX",Somewhat Conservative,Some college,english
1407,54,female,female,White,White,"Southeast - AL, AR, FL, GA, KY, LA, MS, NC, SC, TN, VA, WV",Very Conservative,Some college,english
1308,43,male,male,white,White,"West - AK, CA, CO, HI, ID, MT, NV, OR, UT, WA, WY",Moderate,Graduated college,English
1570,27,NB,nc,White,White,,Very Progressive,Graduated college,English
1296,36,Male,male,Black,Black,"Midwest - IA, IL, IN, KS, MI, MN, MO, ND, NE, OH, SD, WI",Somewhat Conservative,Graduated high school,English
1320,47,Female,female,White/Hispanic,White,"Southwest - AZ, NM, OK, TX",Somewhat Conservative,Graduated college,English
1497,30,female,female,African American,Black,,Very Conservative,Graduated college,english
1558,24,fem,female,black,Black,"Southeast - AL, AR, FL, GA, KY, LA, MS, NC, SC, TN, VA, WV",Very Progressive,Some college,english
1500,28,Questioning,nc,White/Hispanic,White,"Northeast - CT, DC, DE, MA, MD, ME, NH, NJ, NY, PA, RI, VT",Very Progressive,Graduated college,English
1552,19,nonbinary,nc,white,White,"West - AK, CA, CO, HI, ID, MT, NV, OR, UT, WA, WY",Moderate,Graduated high school,english
1527,23,female,female,white,White,"Southwest - AZ, NM, OK, TX",Very Progressive,Graduated college,English
1383,37,MALE,male,BLACK,Black,"Southeast - AL, AR, FL, GA, KY, LA, MS, NC, SC, TN, VA, WV",Very Conservative,Graduated college,ENGLISH
1521,,52,,,,"Southeast - AL, AR, FL, GA, KY, LA, MS, NC, SC, TN, VA, WV",Very Progressive,Hold a higher degree,English
1419,49,male,male,white,White,"Midwest - IA, IL, IN, KS, MI, MN, MO, ND, NE, OH, SD, WI",Somewhat Conservative,Graduated college,English
1533,25,genderqueer,nc,Hispanic,Latinx,"West - AK, CA, CO, HI, ID, MT, NV, OR, UT, WA, WY",Very Progressive,Some college,English
1329,32,female,female,white,White,"Southeast - AL, AR, FL, GA, KY, LA, MS, NC, SC, TN, VA, WV",Somewhat Progressive,Graduated college,English
1401,21,Female,female,Black,Black,"Southeast - AL, AR, FL, GA, KY, LA, MS, NC, SC, TN, VA, WV",Very Progressive,Graduated college,English
1416,34,Female,female,Asian American,Asian,"Southeast - AL, AR, FL, GA, KY, LA, MS, NC, SC, TN, VA, WV",Moderate,Hold a higher degree,English
1491,23,male,male,white,White,"Midwest - IA, IL, IN, KS, MI, MN, MO, ND, NE, OH, SD, WI",Somewhat Progressive,Graduated college,English
1459,25,Male,male,White,White,"West - AK, CA, CO, HI, ID, MT, NV, OR, UT, WA, WY",Very Progressive,Some college,English
1293,27,male,male,asian,Asian,"Northeast - CT, DC, DE, MA, MD, ME, NH, NJ, NY, PA, RI, VT",Somewhat Progressive,Graduated college,english
1335,52,Female,female,White,White,"Midwest - IA, IL, IN, KS, MI, MN, MO, ND, NE, OH, SD, WI",Somewhat Progressive,Some college,English
1437,61,Female,female,White,White,"West - AK, CA, CO, HI, ID, MT, NV, OR, UT, WA, WY",Very Progressive,Hold a higher degree,English
1576,28,,,White,White,"Northeast - CT, DC, DE, MA, MD, ME, NH, NJ, NY, PA, RI, VT",Very Progressive,Graduated high school,English
1539,27,NB,nc,White,White,"Southeast - AL, AR, FL, GA, KY, LA, MS, NC, SC, TN, VA, WV",Somewhat Progressive,Graduated college,Eng
1542,42,non binary,nc,white,White,"West - AK, CA, CO, HI, ID, MT, NV, OR, UT, WA, WY",Very Progressive,Graduated college,english
1353,44,Male,male,White,White,"Midwest - IA, IL, IN, KS, MI, MN, MO, ND, NE, OH, SD, WI",Moderate,Hold a higher degree,english
1422,40,Female,female,White,White,"Southeast - AL, AR, FL, GA, KY, LA, MS, NC, SC, TN, VA, WV",Somewhat Progressive,Graduated college,English
1428,24,female,female,white,White,"Southwest - AZ, NM, OK, TX",Moderate,Graduated college,english
1299,39,Male,male,White,White,"West - AK, CA, CO, HI, ID, MT, NV, OR, UT, WA, WY",Very Progressive,Graduated college,English
1573,38,Non-Binary,nc,"Cherokee, Roma, Caucasian",Mixed,"Southeast - AL, AR, FL, GA, KY, LA, MS, NC, SC, TN, VA, WV",Very Progressive,Some college,English
1515,27,Transmasculine Nonbinary,nc,White,White,"Southeast - AL, AR, FL, GA, KY, LA, MS, NC, SC, TN, VA, WV",Moderate,Some college,English
1564,33,Non Binary,nc,White,White,"Midwest - IA, IL, IN, KS, MI, MN, MO, ND, NE, OH, SD, WI",Very Progressive,Some college,English
1597,22,Female,female,White,White,"Southeast - AL, AR, FL, GA, KY, LA, MS, NC, SC, TN, VA, WV",Very Progressive,Graduated college,English
1447,61,male,male,African American,Black,"Southeast - AL, AR, FL, GA, KY, LA, MS, NC, SC, TN, VA, WV",Somewhat Conservative,Some college,English
1592,47,female,female,white,White,"West - AK, CA, CO, HI, ID, MT, NV, OR, UT, WA, WY",Somewhat Conservative,Hold a higher degree,english
1425,41,Female,female,Hispanic,Latinx,"Southeast - AL, AR, FL, GA, KY, LA, MS, NC, SC, TN, VA, WV",Very Progressive,Graduated college,English
1530,38,female,female,white,White,"West - AK, CA, CO, HI, ID, MT, NV, OR, UT, WA, WY",Very Progressive,Graduated college,english
1395,36,Female,female,Black American,Black,"Southeast - AL, AR, FL, GA, KY, LA, MS, NC, SC, TN, VA, WV",Somewhat Conservative,Graduated college,English
1495,29,non-binary,nc,White,White,"Northeast - CT, DC, DE, MA, MD, ME, NH, NJ, NY, PA, RI, VT",Very Progressive,Hold a higher degree,English
1488,55,Male,male,Black,Black,"Northeast - CT, DC, DE, MA, MD, ME, NH, NJ, NY, PA, RI, VT",Moderate,Graduated college,English
1561,23,Transgender Woman,female,White,White,"Northeast - CT, DC, DE, MA, MD, ME, NH, NJ, NY, PA, RI, VT",Very Progressive,Some college,English
1323,33,Man,male,white,White,"Southeast - AL, AR, FL, GA, KY, LA, MS, NC, SC, TN, VA, WV",Moderate,Graduated high school,English
1518,42,non-binary,nc,mixed race,Mixed,"Northeast - CT, DC, DE, MA, MD, ME, NH, NJ, NY, PA, RI, VT",Very Conservative,Some college,english
1555,21,non-binary,nc,white,White,"West - AK, CA, CO, HI, ID, MT, NV, OR, UT, WA, WY",Very Progressive,Graduated college,English
1463,40,Male,male,White,White,"Midwest - IA, IL, IN, KS, MI, MN, MO, ND, NE, OH, SD, WI",Very Progressive,Graduated college,English
1377,51,Female,female,Native American Hispanic,Mixed,"Southwest - AZ, NM, OK, TX",Moderate,Hold a higher degree,English
1509,20,nonbinary,nc,white,White,"Northeast - CT, DC, DE, MA, MD, ME, NH, NJ, NY, PA, RI, VT",Very Progressive,Graduated high school,English
1386,20,female,female,white,White,"Southeast - AL, AR, FL, GA, KY, LA, MS, NC, SC, TN, VA, WV",Somewhat Conservative,Hold a higher degree,English
1468,20,female,female,Black American,Black,"Midwest - IA, IL, IN, KS, MI, MN, MO, ND, NE, OH, SD, WI",Somewhat Progressive,Graduated college,English
1305,56,Man/Male,male,White,White,"Southwest - AZ, NM, OK, TX",Somewhat Conservative,Graduated high school,English
1585,28,nonbinary trans man,nc,white,White,"West - AK, CA, CO, HI, ID, MT, NV, OR, UT, WA, WY",Very Progressive,Hold a higher degree,English
1317,22,female,female,Black American,Black,"West - AK, CA, CO, HI, ID, MT, NV, OR, UT, WA, WY",Moderate,Hold a higher degree,English
1290,32,Male,male,White,White,"Southeast - AL, AR, FL, GA, KY, LA, MS, NC, SC, TN, VA, WV",Very Progressive,Graduated college,English
1481,31,female,female,White,White,"Southwest - AZ, NM, OK, TX",Moderate,Graduated college,English
1332,39,male,male,black,Black,"West - AK, CA, CO, HI, ID, MT, NV, OR, UT, WA, WY",Very Progressive,Some college,English
1362,32,male,male,white,White,"Midwest - IA, IL, IN, KS, MI, MN, MO, ND, NE, OH, SD, WI",Very Conservative,Graduated high school,english
1359,29,Male,male,Asian,Asian,"Southeast - AL, AR, FL, GA, KY, LA, MS, NC, SC, TN, VA, WV",Somewhat Progressive,Graduated college,English
1356,22,Male,male,Black American,Black,"Southeast - AL, AR, FL, GA, KY, LA, MS, NC, SC, TN, VA, WV",Moderate,Hold a higher degree,English
1595,23,Nonbinary,nc,White,White,"Midwest - IA, IL, IN, KS, MI, MN, MO, ND, NE, OH, SD, WI",Somewhat Progressive,Graduated college,English
1404,36,Female,female,Caucasian,White,"Midwest - IA, IL, IN, KS, MI, MN, MO, ND, NE, OH, SD, WI",Moderate,Graduated college,English
1326,45,FEMALE,female,WHITE,White,"Southwest - AZ, NM, OK, TX",Somewhat Conservative,Graduated college,ENGLISH
1302,37,Male,male,"half arab, quarter italian quarter white",Mixed,"Southwest - AZ, NM, OK, TX",Very Conservative,Graduated high school,English
1579,26,nonbinary,nc,cherokee,Native,"Southwest - AZ, NM, OK, TX",Somewhat Progressive,Some college,English
1474,35,Male,male,White,White,"Southeast - AL, AR, FL, GA, KY, LA, MS, NC, SC, TN, VA, WV",Moderate,Some college,English
1589,31,non bianary,nc,hispanic,Latinx,"West - AK, CA, CO, HI, ID, MT, NV, OR, UT, WA, WY",Somewhat Progressive,Graduated college,english
1506,41,Non-binary,nc,White,White,"Southeast - AL, AR, FL, GA, KY, LA, MS, NC, SC, TN, VA, WV",Very Progressive,Hold a higher degree,English
1536,21,Bigender Trans Male,nc,Biracial (Black/White),Mixed,"Southwest - AZ, NM, OK, TX",Very Progressive,Some high school,English
1350,41,Male,male,Black,Black,"Midwest - IA, IL, IN, KS, MI, MN, MO, ND, NE, OH, SD, WI",Very Progressive,Graduated college,English
1466,32,Female,female,Asian,Asian,"Southeast - AL, AR, FL, GA, KY, LA, MS, NC, SC, TN, VA, WV",Somewhat Progressive,Graduated college,English
1545,29,Female,female,Hispanic/Latino,Latinx,"West - AK, CA, CO, HI, ID, MT, NV, OR, UT, WA, WY",Very Progressive,Graduated college,English
1456,54,female,female,white,White,"Northeast - CT, DC, DE, MA, MD, ME, NH, NJ, NY, PA, RI, VT",Moderate,Graduated high school,english
1368,21,male,male,white,White,"Northeast - CT, DC, DE, MA, MD, ME, NH, NJ, NY, PA, RI, VT",Somewhat Progressive,Graduated college,English
1365,36,Woman,female,White,White,"Midwest - IA, IL, IN, KS, MI, MN, MO, ND, NE, OH, SD, WI",Very Progressive,Graduated college,English
1347,50,Male,male,White,White,"Southwest - AZ, NM, OK, TX",Somewhat Progressive,Some college,English
1314,37,male,male,white,White,"Northeast - CT, DC, DE, MA, MD, ME, NH, NJ, NY, PA, RI, VT",Moderate,Hold a higher degree,English
1524,27,nonbinary,nc,white,White,"Northeast - CT, DC, DE, MA, MD, ME, NH, NJ, NY, PA, RI, VT",Very Progressive,Graduated college,English
1398,59,FEMALE,female,CAUCASIAN,White,"Southeast - AL, AR, FL, GA, KY, LA, MS, NC, SC, TN, VA, WV",Very Conservative,Graduated college,ENGLISH
1457,38,Male,male,Mixed,Mixed,"Northeast - CT, DC, DE, MA, MD, ME, NH, NJ, NY, PA, RI, VT",Somewhat Progressive,Hold a higher degree,English
1580,27,Non-Binary,nc,White,White,"Midwest - IA, IL, IN, KS, MI, MN, MO, ND, NE, OH, SD, WI",Very Progressive,Some college,English
1537,30,Agender,nc,Caucasian/American Indian,Mixed,"Southeast - AL, AR, FL, GA, KY, LA, MS, NC, SC, TN, VA, WV",Very Progressive,Graduated high school,English
1315,58,Male,male,White,White,"Southeast - AL, AR, FL, GA, KY, LA, MS, NC, SC, TN, VA, WV",Very Conservative,Graduated college,English
1366,24,Male,male,B;acl,,"Northeast - CT, DC, DE, MA, MD, ME, NH, NJ, NY, PA, RI, VT",Moderate,Graduated high school,English
1357,20,Female,female,White,White,"Southwest - AZ, NM, OK, TX",Somewhat Progressive,Graduated high school,English
1586,23,trans man,male,white,White,"Southeast - AL, AR, FL, GA, KY, LA, MS, NC, SC, TN, VA, WV",Very Progressive,Some college,english
1327,60,female,female,white,White,"Southwest - AZ, NM, OK, TX",Somewhat Progressive,Some college,english
1493,22,male,male,white,White,"Southeast - AL, AR, FL, GA, KY, LA, MS, NC, SC, TN, VA, WV",Very Conservative,Graduated college,english
1543,23,Nonbinary,nc,White,White,"Southeast - AL, AR, FL, GA, KY, LA, MS, NC, SC, TN, VA, WV",Very Progressive,Hold a higher degree,English
1556,22,female,female,hispanic/white,Latinx,"Southwest - AZ, NM, OK, TX",Very Progressive,Graduated high school,english
1479,28,female,female,African american,Black,,,Some college,
1525,23,nonbinary,nc,white,White,"Midwest - IA, IL, IN, KS, MI, MN, MO, ND, NE, OH, SD, WI",Very Progressive,Graduated college,English
1381,56,,,white,White,"Southeast - AL, AR, FL, GA, KY, LA, MS, NC, SC, TN, VA, WV",Somewhat Conservative,Some college,English
1464,37,Female,female,White,White,"Midwest - IA, IL, IN, KS, MI, MN, MO, ND, NE, OH, SD, WI",Moderate,Graduated high school,English
1432,50,female,female,white,White,"Midwest - IA, IL, IN, KS, MI, MN, MO, ND, NE, OH, SD, WI",Somewhat Conservative,Graduated college,English
1549,27,Trans-Femme Non-Binary,nc,White,White,"Southwest - AZ, NM, OK, TX",Very Progressive,Graduated college,English
1345,66,female,female,white,White,"Southeast - AL, AR, FL, GA, KY, LA, MS, NC, SC, TN, VA, WV",Somewhat Progressive,Graduated college,English
1531,23,Nonbinary,nc,White,White,"Midwest - IA, IL, IN, KS, MI, MN, MO, ND, NE, OH, SD, WI",Very Progressive,Some college,English
1363,51,Female,female,White,White,"West - AK, CA, CO, HI, ID, MT, NV, OR, UT, WA, WY",Somewhat Conservative,Graduated high school,English
1342,38,FEMALE,female,WHITE,White,"Southeast - AL, AR, FL, GA, KY, LA, MS, NC, SC, TN, VA, WV",Very Conservative,Some high school,ENGLISH
1417,26,Male,male,White,White,"Midwest - IA, IL, IN, KS, MI, MN, MO, ND, NE, OH, SD, WI",Very Progressive,Graduated college,English
1297,42,male,male,white,White,"Midwest - IA, IL, IN, KS, MI, MN, MO, ND, NE, OH, SD, WI",Very Progressive,Graduated college,English
1553,25,,,,,"Midwest - IA, IL, IN, KS, MI, MN, MO, ND, NE, OH, SD, WI",Very Progressive,Some college,
1426,25,female,female,White,White,"Southeast - AL, AR, FL, GA, KY, LA, MS, NC, SC, TN, VA, WV",Very Progressive,Some college,English
1443,26,Male,male,Black,Black,"Midwest - IA, IL, IN, KS, MI, MN, MO, ND, NE, OH, SD, WI",Moderate,Graduated college,English
1336,70,male,male,white,White,"Midwest - IA, IL, IN, KS, MI, MN, MO, ND, NE, OH, SD, WI",Very Conservative,Some college,english
1438,29,Male,male,White,White,"West - AK, CA, CO, HI, ID, MT, NV, OR, UT, WA, WY",Somewhat Conservative,Some college,English
1482,27,Female,female,White,White,"Southwest - AZ, NM, OK, TX",Moderate,Graduated high school,English
1414,40,male,male,White,White,"Southeast - AL, AR, FL, GA, KY, LA, MS, NC, SC, TN, VA, WV",Moderate,Graduated high school,English
1519,44,agender,nc,white,White,"Southeast - AL, AR, FL, GA, KY, LA, MS, NC, SC, TN, VA, WV",Very Progressive,,eng
1559,23,Non-binary,nc,White,White,"Midwest - IA, IL, IN, KS, MI, MN, MO, ND, NE, OH, SD, WI",Very Progressive,Graduated college,English
1516,40,nonbinary,nc,white,White,"Southeast - AL, AR, FL, GA, KY, LA, MS, NC, SC, TN, VA, WV",Very Progressive,Graduated college,English
1534,32,nonbinary,nc,white,White,"Southwest - AZ, NM, OK, TX",Very Progressive,Graduated college,english
1449,41,Female,female,White,White,"West - AK, CA, CO, HI, ID, MT, NV, OR, UT, WA, WY",Somewhat Conservative,Graduated high school,English
1399,46,Male,male,White,White,"Southeast - AL, AR, FL, GA, KY, LA, MS, NC, SC, TN, VA, WV",Very Conservative,Some college,English
1396,28,female,female,black,Black,"Midwest - IA, IL, IN, KS, MI, MN, MO, ND, NE, OH, SD, WI",,Some college,english
1467,21,Male,male,White,White,"West - AK, CA, CO, HI, ID, MT, NV, OR, UT, WA, WY",Somewhat Conservative,Graduated college,English
1294,28,male,male,White,White,"Midwest - IA, IL, IN, KS, MI, MN, MO, ND, NE, OH, SD, WI",Very Conservative,Hold a higher degree,Engish
1360,31,Female,female,White,White,"Midwest - IA, IL, IN, KS, MI, MN, MO, ND, NE, OH, SD, WI",Very Conservative,Some college,English
1596,21,Non-Binary,nc,Hispanic/Mexican,Latinx,"West - AK, CA, CO, HI, ID, MT, NV, OR, UT, WA, WY",Very Progressive,Some college,English
1461,37,female,female,Black,Black,"Southeast - AL, AR, FL, GA, KY, LA, MS, NC, SC, TN, VA, WV",Moderate,Graduated high school,English
1470,46,male,male,white/puerto rican,Latinx,"Southeast - AL, AR, FL, GA, KY, LA, MS, NC, SC, TN, VA, WV",Somewhat Progressive,Some college,english
1402,34,female,female,white,White,"Southwest - AZ, NM, OK, TX",Somewhat Progressive,Hold a higher degree,English
1420,36,male,male,white,White,,,Hold a higher degree,English
1378,37,female,female,white,White,"Southeast - AL, AR, FL, GA, KY, LA, MS, NC, SC, TN, VA, WV",Moderate,Graduated college,English
1300,34,male,male,hispanic,Latinx,"Southeast - AL, AR, FL, GA, KY, LA, MS, NC, SC, TN, VA, WV",Somewhat Progressive,Hold a higher degree,english
1513,,,,,,"Southwest - AZ, NM, OK, TX",Very Progressive,Graduated college,
1571,27,Non-Binary,nc,White,White,"Midwest - IA, IL, IN, KS, MI, MN, MO, ND, NE, OH, SD, WI",Very Progressive,Hold a higher degree,English
1405,28,Female,female,White,White,"Southeast - AL, AR, FL, GA, KY, LA, MS, NC, SC, TN, VA, WV",Very Progressive,Graduated high school,English
1486,29,male,male,white,White,"West - AK, CA, CO, HI, ID, MT, NV, OR, UT, WA, WY",Moderate,Some college,english
1291,50,male,male,Asian,Asian,"West - AK, CA, CO, HI, ID, MT, NV, OR, UT, WA, WY",Somewhat Conservative,Some college,English
1574,24,Nonbinary,nc,Indian,Asian,"Southwest - AZ, NM, OK, TX",Very Progressive,Graduated college,"Telugu, English"
1372,58,Male,male,Caucasian,White,"West - AK, CA, CO, HI, ID, MT, NV, OR, UT, WA, WY",Somewhat Progressive,Hold a higher degree,English
1498,41,non-binary,nc,hispanic,Latinx,"Southwest - AZ, NM, OK, TX",Very Progressive,Graduated college,english
1450,42,female,female,white,White,"Northeast - CT, DC, DE, MA, MD, ME, NH, NJ, NY, PA, RI, VT",Moderate,Some college,english
1440,45,female,female,white,White,,Very Conservative,Some college,English
1354,29,Female,female,Black,Black,"Southeast - AL, AR, FL, GA, KY, LA, MS, NC, SC, TN, VA, WV",Moderate,Graduated high school,English
1339,40,Male,male,Hispanic,Latinx,"West - AK, CA, CO, HI, ID, MT, NV, OR, UT, WA, WY",Somewhat Progressive,Graduated college,English
1369,25,Female,female,White,White,"Southeast - AL, AR, FL, GA, KY, LA, MS, NC, SC, TN, VA, WV",Moderate,Graduated high school,English
1408,38,Male,male,Black,Black,"Northeast - CT, DC, DE, MA, MD, ME, NH, NJ, NY, PA, RI, VT",Very Progressive,Hold a higher degree,English
1546,31,Non-binary,nc,Wampanoag,Native,"Midwest - IA, IL, IN, KS, MI, MN, MO, ND, NE, OH, SD, WI",Very Progressive,Graduated college,English
1375,57,Female,female,White,White,"West - AK, CA, CO, HI, ID, MT, NV, OR, UT, WA, WY",Very Progressive,Some college,English
1446,34,Male,male,White,White,"Northeast - CT, DC, DE, MA, MD, ME, NH, NJ, NY, PA, RI, VT",Somewhat Conservative,Graduated college,English
1583,32,Non Binary,nc,White,White,"Northeast - CT, DC, DE, MA, MD, ME, NH, NJ, NY, PA, RI, VT",Very Progressive,Some college,English
1288,55,male,male,white,White,"Southeast - AL, AR, FL, GA, KY, LA, MS, NC, SC, TN, VA, WV",Very Progressive,Graduated college,english
1429,50,Male,male,White,White,"Southeast - AL, AR, FL, GA, KY, LA, MS, NC, SC, TN, VA, WV",Somewhat Progressive,Graduated college,English
1411,36,female,female,white,White,"West - AK, CA, CO, HI, ID, MT, NV, OR, UT, WA, WY",Somewhat Conservative,Graduated college,English
1330,35,female,female,African-American,Black,"Southeast - AL, AR, FL, GA, KY, LA, MS, NC, SC, TN, VA, WV",Somewhat Progressive,Graduated college,English
1590,29,Non-Binary,nc,White/Caucasian,White,"Northeast - CT, DC, DE, MA, MD, ME, NH, NJ, NY, PA, RI, VT",Very Progressive,Graduated high school,English
1593,34,bigender,nc,White,White,"Northeast - CT, DC, DE, MA, MD, ME, NH, NJ, NY, PA, RI, VT",Very Progressive,Hold a higher degree,English
1454,44,female,female,white,White,"Midwest - IA, IL, IN, KS, MI, MN, MO, ND, NE, OH, SD, WI",Moderate,Hold a higher degree,english
1510,29,woman,female,white,White,"Midwest - IA, IL, IN, KS, MI, MN, MO, ND, NE, OH, SD, WI",Somewhat Progressive,Hold a higher degree,English
1309,37,male,male,"Mixed - White, Asian",Mixed,"Midwest - IA, IL, IN, KS, MI, MN, MO, ND, NE, OH, SD, WI",Moderate,Graduated college,English
1507,38,non binary,nc,LatinX,Latinx,"Northeast - CT, DC, DE, MA, MD, ME, NH, NJ, NY, PA, RI, VT",Somewhat Conservative,Graduated college,English
1348,66,female,female,White,White,"Southeast - AL, AR, FL, GA, KY, LA, MS, NC, SC, TN, VA, WV",Moderate,Some college,English
1312,38,Male,male,Asian,Asian,"Southeast - AL, AR, FL, GA, KY, LA, MS, NC, SC, TN, VA, WV",Moderate,Graduated college,English
1423,27,Female,female,White,White,"Southeast - AL, AR, FL, GA, KY, LA, MS, NC, SC, TN, VA, WV",,Hold a higher degree,English
1504,24,gender fluid,nc,white,White,"Midwest - IA, IL, IN, KS, MI, MN, MO, ND, NE, OH, SD, WI",Very Progressive,Graduated college,english
1303,35,male,male,white,White,"Southeast - AL, AR, FL, GA, KY, LA, MS, NC, SC, TN, VA, WV",Somewhat Conservative,Graduated college,English
1477,49,female,female,black,Black,"Southwest - AZ, NM, OK, TX",Moderate,Some college,English
1496,41,female,female,caucasian,White,"Southeast - AL, AR, FL, GA, KY, LA, MS, NC, SC, TN, VA, WV",Very Progressive,Some college,english
1568,25,Fluid,nc,White,White,"Midwest - IA, IL, IN, KS, MI, MN, MO, ND, NE, OH, SD, WI",Very Progressive,Some college,English
1565,28,Agender,nc,White,White,"West - AK, CA, CO, HI, ID, MT, NV, OR, UT, WA, WY",Very Progressive,Some high school,English
1475,50,female,female,white,White,"Northeast - CT, DC, DE, MA, MD, ME, NH, NJ, NY, PA, RI, VT",Somewhat Conservative,Some college,English
1351,43,male,male,white,White,"West - AK, CA, CO, HI, ID, MT, NV, OR, UT, WA, WY",Somewhat Progressive,Some college,English
1387,40,Male,male,White,White,"Southwest - AZ, NM, OK, TX",Moderate,Hold a higher degree,English
1306,57,male,male,mixed,Mixed,"Southeast - AL, AR, FL, GA, KY, LA, MS, NC, SC, TN, VA, WV",Somewhat Conservative,Graduated college,english
1577,26,nonbinary,nc,white,White,"Southeast - AL, AR, FL, GA, KY, LA, MS, NC, SC, TN, VA, WV",Very Progressive,Graduated college,english
1390,27,Male,male,European-American,White,"Southeast - AL, AR, FL, GA, KY, LA, MS, NC, SC, TN, VA, WV",Somewhat Conservative,Graduated high school,English
1501,25,Non-binary,nc,Black,Black,"Southeast - AL, AR, FL, GA, KY, LA, MS, NC, SC, TN, VA, WV",Somewhat Progressive,Some college,English
1321,49,female,female,white,White,"West - AK, CA, CO, HI, ID, MT, NV, OR, UT, WA, WY",Very Progressive,Graduated college,English
1318,50,Female,female,,,"Midwest - IA, IL, IN, KS, MI, MN, MO, ND, NE, OH, SD, WI",Very Progressive,Graduated high school,
1384,24,FEMALE,female,WHITE,White,"Midwest - IA, IL, IN, KS, MI, MN, MO, ND, NE, OH, SD, WI",Somewhat Conservative,Graduated college,ENGLISH
1540,23,Agender,nc,White,White,"Midwest - IA, IL, IN, KS, MI, MN, MO, ND, NE, OH, SD, WI",Very Progressive,Some college,English
1489,39,female,female,Black,Black,"Southeast - AL, AR, FL, GA, KY, LA, MS, NC, SC, TN, VA, WV",Moderate,,English
1528,32,gender fluid,nc,white,White,"Midwest - IA, IL, IN, KS, MI, MN, MO, ND, NE, OH, SD, WI",Very Progressive,Graduated college,english
1473,46,Male,male,White,White,"Midwest - IA, IL, IN, KS, MI, MN, MO, ND, NE, OH, SD, WI",Somewhat Progressive,Graduated college,English
1562,33,she/her,female,White,White,"Northeast - CT, DC, DE, MA, MD, ME, NH, NJ, NY, PA, RI, VT",Very Progressive,Graduated college,English
1522,30,female,female,white,White,"Midwest - IA, IL, IN, KS, MI, MN, MO, ND, NE, OH, SD, WI",Very Progressive,Graduated college,english
1487,52,Female,female,White,White,"Southwest - AZ, NM, OK, TX",Somewhat Conservative,Graduated college,English
1511,28,Female,female,White,White,"West - AK, CA, CO, HI, ID, MT, NV, OR, UT, WA, WY",Very Progressive,Graduated college,English
1462,53,male,male,white,White,,Very Progressive,Hold a higher degree,english
1594,24,trans woman,female,puerto rican,Latinx,"Midwest - IA, IL, IN, KS, MI, MN, MO, ND, NE, OH, SD, WI",Very Progressive,Graduated college,English
1319,58,female,female,hispanic,Latinx,"Southwest - AZ, NM, OK, TX",Moderate,Graduated high school,english
1376,24,Female,female,Black,Black,"Midwest - IA, IL, IN, KS, MI, MN, MO, ND, NE, OH, SD, WI",Somewhat Conservative,Graduated college,English
1316,33,female,female,white,White,,Very Conservative,Hold a higher degree,english
1310,45,Male,male,White,White,"Southeast - AL, AR, FL, GA, KY, LA, MS, NC, SC, TN, VA, WV",Very Conservative,Hold a higher degree,English
1566,22,Woman,female,White,White,"Southwest - AZ, NM, OK, TX",Very Progressive,Some college,English
1541,34,agender,nc,white,White,"Midwest - IA, IL, IN, KS, MI, MN, MO, ND, NE, OH, SD, WI",Very Progressive,Some college,English
1298,67,Male,male,White,White,"Midwest - IA, IL, IN, KS, MI, MN, MO, ND, NE, OH, SD, WI",Somewhat Progressive,Graduated college,English
1292,49,male,male,white,White,"Northeast - CT, DC, DE, MA, MD, ME, NH, NJ, NY, PA, RI, VT",Moderate,Graduated high school,english
1322,30,female,female,white,White,"Northeast - CT, DC, DE, MA, MD, ME, NH, NJ, NY, PA, RI, VT",Somewhat Progressive,Hold a higher degree,English
1436,28,Female,female,White,White,"Northeast - CT, DC, DE, MA, MD, ME, NH, NJ, NY, PA, RI, VT",Very Progressive,Some college,English
1480,25,Male,male,White,White,"Southeast - AL, AR, FL, GA, KY, LA, MS, NC, SC, TN, VA, WV",Somewhat Progressive,Graduated high school,English
1587,30,Female,female,White,White,"Southeast - AL, AR, FL, GA, KY, LA, MS, NC, SC, TN, VA, WV",Very Progressive,Some college,English
1355,62,Male,male,Asian,Asian,"West - AK, CA, CO, HI, ID, MT, NV, OR, UT, WA, WY",Somewhat Progressive,Hold a higher degree,English
1358,43,male,male,white,White,"Southeast - AL, AR, FL, GA, KY, LA, MS, NC, SC, TN, VA, WV",Moderate,Graduated college,english
1581,21,non binary,nc,mixed,Mixed,"Southwest - AZ, NM, OK, TX",Very Progressive,Graduated high school,english
1458,50,female,female,black,Black,"Southwest - AZ, NM, OK, TX",Somewhat Conservative,Graduated college,english
1492,43,Female,female,white,White,"Southwest - AZ, NM, OK, TX",Very Progressive,Graduated college,english
1508,51,agender,nc,white,White,"Midwest - IA, IL, IN, KS, MI, MN, MO, ND, NE, OH, SD, WI",Somewhat Progressive,Some college,english
1385,34,Female,female,White,White,"West - AK, CA, CO, HI, ID, MT, NV, OR, UT, WA, WY",Very Conservative,,English
1502,22,Nonbinary,nc,Mixed (Asian/white),Mixed,"West - AK, CA, CO, HI, ID, MT, NV, OR, UT, WA, WY",Very Progressive,Graduated college,English
1430,20,Male,male,White,White,"Southwest - AZ, NM, OK, TX",Moderate,Some college,English
1505,83,genderfluid,nc,white,White,"Southwest - AZ, NM, OK, TX",Very Progressive,Some college,English
1535,36,Nonbinary,nc,Half white and half Japanese,Mixed,"West - AK, CA, CO, HI, ID, MT, NV, OR, UT, WA, WY",Somewhat Progressive,Graduated college,English
1452,58,FEMALE,female,WHITE,White,"Midwest - IA, IL, IN, KS, MI, MN, MO, ND, NE, OH, SD, WI",Very Progressive,Hold a higher degree,ENGLISH
1340,33,Woman,female,Black,Black,"West - AK, CA, CO, HI, ID, MT, NV, OR, UT, WA, WY",Somewhat Progressive,Graduated high school,English
1295,18,male,male,AA,Black,"Northeast - CT, DC, DE, MA, MD, ME, NH, NJ, NY, PA, RI, VT",Moderate,Graduated high school,english
1394,57,female,female,white,White,"Midwest - IA, IL, IN, KS, MI, MN, MO, ND, NE, OH, SD, WI",Somewhat Conservative,Some college,English
1526,47,"nonbinary, anatomically female",nc,white,White,"West - AK, CA, CO, HI, ID, MT, NV, OR, UT, WA, WY",Very Progressive,Graduated high school,English
1569,26,NonBinary,nc,African American,Black,"Northeast - CT, DC, DE, MA, MD, ME, NH, NJ, NY, PA, RI, VT",Somewhat Progressive,Some college,english
1465,58,Female,female,Black,Black,"Northeast - CT, DC, DE, MA, MD, ME, NH, NJ, NY, PA, RI, VT",Very Progressive,Hold a higher degree,Emglish
1307,31,male,male,white,White,"Southeast - AL, AR, FL, GA, KY, LA, MS, NC, SC, TN, VA, WV",Somewhat Conservative,Graduated college,English
1379,53,Male,male,Black,Black,"Southwest - AZ, NM, OK, TX",Moderate,Some college,English
1364,64,female,female,caucasian,White,"Northeast - CT, DC, DE, MA, MD, ME, NH, NJ, NY, PA, RI, VT",Somewhat Progressive,Graduated high school,english
1352,34,,,Black,Black,"Southeast - AL, AR, FL, GA, KY, LA, MS, NC, SC, TN, VA, WV",Somewhat Conservative,,English
1439,25,Male,male,Latino/hispanic,Latinx,"Southwest - AZ, NM, OK, TX",Very Progressive,Graduated college,English
1406,58,female,female,white,White,"Northeast - CT, DC, DE, MA, MD, ME, NH, NJ, NY, PA, RI, VT",Very Progressive,Hold a higher degree,English
1334,46,female,female,blasian,Mixed,"Northeast - CT, DC, DE, MA, MD, ME, NH, NJ, NY, PA, RI, VT",Somewhat Progressive,Hold a higher degree,english
1418,73,male,male,white,White,"Midwest - IA, IL, IN, KS, MI, MN, MO, ND, NE, OH, SD, WI",Very Conservative,Some college,english
1490,25,Male,male,Asian,Asian,"West - AK, CA, CO, HI, ID, MT, NV, OR, UT, WA, WY",Somewhat Conservative,Graduated college,English
1455,36,Man,male,White,White,"Southeast - AL, AR, FL, GA, KY, LA, MS, NC, SC, TN, VA, WV",Somewhat Conservative,Hold a higher degree,ENGLISH
1304,39,male,male,White,White,"Midwest - IA, IL, IN, KS, MI, MN, MO, ND, NE, OH, SD, WI",Somewhat Conservative,Graduated high school,English
1337,47,female,female,white,White,"Southeast - AL, AR, FL, GA, KY, LA, MS, NC, SC, TN, VA, WV",Very Progressive,Some college,english
1388,60,Female,female,White,White,"Midwest - IA, IL, IN, KS, MI, MN, MO, ND, NE, OH, SD, WI",Somewhat Conservative,Graduated high school,English
1551,22,Non Binary,nc,White,White,"Northeast - CT, DC, DE, MA, MD, ME, NH, NJ, NY, PA, RI, VT",Somewhat Conservative,Graduated college,English
1403,35,Female,female,White,White,"Northeast - CT, DC, DE, MA, MD, ME, NH, NJ, NY, PA, RI, VT",Very Progressive,Hold a higher degree,English
1424,52,male,male,white,White,"Southeast - AL, AR, FL, GA, KY, LA, MS, NC, SC, TN, VA, WV",Very Progressive,Hold a higher degree,english
1442,45,female,female,white,White,"Midwest - IA, IL, IN, KS, MI, MN, MO, ND, NE, OH, SD, WI",Somewhat Conservative,Hold a higher degree,english
1346,41,male,male,native hawaiian,Native,"Southeast - AL, AR, FL, GA, KY, LA, MS, NC, SC, TN, VA, WV",Somewhat Conservative,Graduated high school,english
1572,24,male,male,white,White,"Midwest - IA, IL, IN, KS, MI, MN, MO, ND, NE, OH, SD, WI",Very Progressive,Graduated college,english
1325,26,female,female,white,White,"Southeast - AL, AR, FL, GA, KY, LA, MS, NC, SC, TN, VA, WV",Somewhat Progressive,Graduated college,English
1397,33,f,female,asian,Asian,"Southeast - AL, AR, FL, GA, KY, LA, MS, NC, SC, TN, VA, WV",Somewhat Progressive,Hold a higher degree,eng
1514,42,non binary,nc,White,White,"Northeast - CT, DC, DE, MA, MD, ME, NH, NJ, NY, PA, RI, VT",Moderate,Some college,English
1578,26,Non-Binary,nc,White,White,"Southeast - AL, AR, FL, GA, KY, LA, MS, NC, SC, TN, VA, WV",Very Progressive,Graduated college,English
1301,37,Male,male,White,White,"West - AK, CA, CO, HI, ID, MT, NV, OR, UT, WA, WY",Somewhat Conservative,Graduated high school,English
1483,47,male,male,white,White,"Southeast - AL, AR, FL, GA, KY, LA, MS, NC, SC, TN, VA, WV",Moderate,Graduated college,english
1400,23,Female,female,White,White,"Southeast - AL, AR, FL, GA, KY, LA, MS, NC, SC, TN, VA, WV",Somewhat Conservative,Graduated college,English
1391,39,Male,male,white,White,"Northeast - CT, DC, DE, MA, MD, ME, NH, NJ, NY, PA, RI, VT",Somewhat Conservative,Some college,English
1544,33,Trans Male,male,Multiracial,Mixed,"Southeast - AL, AR, FL, GA, KY, LA, MS, NC, SC, TN, VA, WV",Very Progressive,Graduated high school,English
1349,29,male,male,Latino,Latinx,"West - AK, CA, CO, HI, ID, MT, NV, OR, UT, WA, WY",Somewhat Progressive,Graduated high school,English
1373,35,female,female,white,White,"Southwest - AZ, NM, OK, TX",Somewhat Conservative,Graduated college,english
1331,47,Female,female,White,White,"West - AK, CA, CO, HI, ID, MT, NV, OR, UT, WA, WY",Moderate,Some college,English
1484,40,male,male,white,White,"Midwest - IA, IL, IN, KS, MI, MN, MO, ND, NE, OH, SD, WI",Moderate,Graduated college,english
1328,33,Female,female,White,White,"Southeast - AL, AR, FL, GA, KY, LA, MS, NC, SC, TN, VA, WV",Somewhat Conservative,Graduated college,English
1370,38,male,male,white,White,"Southeast - AL, AR, FL, GA, KY, LA, MS, NC, SC, TN, VA, WV",Somewhat Conservative,Graduated college,english
1409,27,Male,male,black,Black,"Northeast - CT, DC, DE, MA, MD, ME, NH, NJ, NY, PA, RI, VT",Very Progressive,Graduated college,English
1421,42,Male,male,African American,Black,"Southeast - AL, AR, FL, GA, KY, LA, MS, NC, SC, TN, VA, WV",Somewhat Progressive,Graduated college,English
1289,29,Male,male,White,White,"West - AK, CA, CO, HI, ID, MT, NV, OR, UT, WA, WY",Moderate,Hold a higher degree,English
1343,42,female,female,white,White,"West - AK, CA, CO, HI, ID, MT, NV, OR, UT, WA, WY",Somewhat Conservative,Graduated college,english
1469,55,Female,female,Black,Black,"Northeast - CT, DC, DE, MA, MD, ME, NH, NJ, NY, PA, RI, VT",Somewhat Conservative,Graduated college,English
1517,21,Agender,nc,Asian,Asian,"Northeast - CT, DC, DE, MA, MD, ME, NH, NJ, NY, PA, RI, VT",Very Progressive,Graduated college,English
1415,40,Male,male,Asian,Asian,"Midwest - IA, IL, IN, KS, MI, MN, MO, ND, NE, OH, SD, WI",Somewhat Progressive,Some college,English
1361,24,Male,male,Black,Black,"Southeast - AL, AR, FL, GA, KY, LA, MS, NC, SC, TN, VA, WV",Somewhat Conservative,Graduated high school,English
1563,29,nonbinary,nc,white,White,"Southeast - AL, AR, FL, GA, KY, LA, MS, NC, SC, TN, VA, WV",Very Progressive,Graduated college,english
1547,24,Transmasculine,nc,white,White,"Southwest - AZ, NM, OK, TX",Very Progressive,Graduated college,English
1445,56,Male,male,Caucasian,White,"Southeast - AL, AR, FL, GA, KY, LA, MS, NC, SC, TN, VA, WV",Somewhat Conservative,Graduated college,English
1412,53,remale,female,white,White,"Southeast - AL, AR, FL, GA, KY, LA, MS, NC, SC, TN, VA, WV",Very Progressive,Graduated high school,English
1538,27,Agender,nc,White,White,"Northeast - CT, DC, DE, MA, MD, ME, NH, NJ, NY, PA, RI, VT",Somewhat Progressive,Graduated high school,English
1532,32,Nonbinary,nc,White/European American,White,"Midwest - IA, IL, IN, KS, MI, MN, MO, ND, NE, OH, SD, WI",Very Progressive,Hold a higher degree,English
1554,26,Non-binary,nc,White,White,"Northeast - CT, DC, DE, MA, MD, ME, NH, NJ, NY, PA, RI, VT",Moderate,Some college,English
1591,24,nonbinary,nc,white,White,"Northeast - CT, DC, DE, MA, MD, ME, NH, NJ, NY, PA, RI, VT",Very Progressive,Graduated high school,english
1382,40,female,female,white,White,"Southeast - AL, AR, FL, GA, KY, LA, MS, NC, SC, TN, VA, WV",Very Progressive,Hold a higher degree,english
1584,35,agender,nc,white,White,"West - AK, CA, CO, HI, ID, MT, NV, OR, UT, WA, WY",Very Progressive,Graduated college,English
1478,62,female,female,white,White,"Midwest - IA, IL, IN, KS, MI, MN, MO, ND, NE, OH, SD, WI",Somewhat Conservative,Hold a higher degree,English
1575,25,Trans,nc,Latine,Latinx,"West - AK, CA, CO, HI, ID, MT, NV, OR, UT, WA, WY",Very Progressive,Graduated college,Spanish
1598,33,Non Binary,nc,Native American / White,Native,"West - AK, CA, CO, HI, ID, MT, NV, OR, UT, WA, WY",Very Progressive,Graduated college,English
1529,25,Agender,nc,White,White,"Southwest - AZ, NM, OK, TX",Very Progressive,Graduated high school,English
1433,62,Male,male,White,White,"Southeast - AL, AR, FL, GA, KY, LA, MS, NC, SC, TN, VA, WV",Somewhat Conservative,Hold a higher degree,English
1472,28,male,male,white,White,"Southwest - AZ, NM, OK, TX",Somewhat Conservative,Graduated college,english
1560,35,non-binary,nc,multiracial,Mixed,"Midwest - IA, IL, IN, KS, MI, MN, MO, ND, NE, OH, SD, WI",Very Progressive,Graduated college,english
1313,55,Woman,female,White,White,"Midwest - IA, IL, IN, KS, MI, MN, MO, ND, NE, OH, SD, WI",Somewhat Conservative,Graduated college,English
1448,33,Male,male,White,White,"Midwest - IA, IL, IN, KS, MI, MN, MO, ND, NE, OH, SD, WI",Very Conservative,Some college,English
1367,56,Male,male,Black,Black,"Midwest - IA, IL, IN, KS, MI, MN, MO, ND, NE, OH, SD, WI",Very Progressive,Graduated college,English
1499,28,Nonbinary,nc,White,White,"Midwest - IA, IL, IN, KS, MI, MN, MO, ND, NE, OH, SD, WI",Very Progressive,Graduated college,English
1427,18,Man,male,African-American,Black,"Northeast - CT, DC, DE, MA, MD, ME, NH, NJ, NY, PA, RI, VT",Very Progressive,Some college,English
1520,21,Female,female,White,White,"Southeast - AL, AR, FL, GA, KY, LA, MS, NC, SC, TN, VA, WV",Somewhat Progressive,Graduated high school,English
1557,21,male,male,hispanic,Latinx,"Northeast - CT, DC, DE, MA, MD, ME, NH, NJ, NY, PA, RI, VT",Moderate,Some college,english
1523,23,Non-binary,nc,White,White,"Northeast - CT, DC, DE, MA, MD, ME, NH, NJ, NY, PA, RI, VT",Very Progressive,Some college,English